date, pm25, pm10, o3, no2, so2, co
2024/11/1, 32, 20, 7, 7, , 1
2024/11/2, 50, 16, 18, 4, , 1
2024/11/3, 34, 14, 22, 4, , 1
2024/11/4, 28, 33, 15, 9, 1, 1
2024/11/5, 56, 34, , 7, 1, 1
2024/11/6, 56, , , , , 
2024/10/1, 52, 22, 14, 10, , 1
2024/10/2, 40, 27, 28, 5, , 1
2024/10/3, 36, 8, 21, 4, , 1
2024/10/4, 24, 12, 28, 5, , 1
2024/10/5, 33, 24, 16, 5, , 1
2024/10/6, 44, 38, 19, 6, , 1
2024/10/7, 54, 13, 24, 9, , 1
2024/10/8, 22, 9, 28, 5, , 1
2024/10/9, 18, 9, 26, 6, , 1
2024/10/10, 18, 11, 28, 6, , 1
2024/10/11, 24, 12, 23, 3, , 1
2024/10/12, 31, 14, 18, 5, , 1
2024/10/13, 37, 22, 16, 9, , 1
2024/10/14, 47, 19, 22, 3, , 1
2024/10/15, 26, 31, 21, 4, , 1
2024/10/16, 34, 13, 19, 8, , 1
2024/10/17, 22, 9, 28, 5, , 1
2024/10/18, 17, 12, 20, 8, , 1
2024/10/19, 31, 14, 19, 7, , 1
2024/10/20, 35, 14, 25, 7, , 1
2024/10/21, 30, 14, 14, 9, , 1
2024/10/22, 23, 13, 20, 8, 1, 1
2024/10/23, 26, 18, 19, 7, 1, 1
2024/10/24, 42, 13, 16, 5, , 1
2024/10/25, 30, 4, 23, 3, , 1
2024/10/26, 11, 6, 22, 6, , 1
2024/10/27, 17, 13, 8, 8, , 1
2024/10/28, 30, 19, 7, 11, 1, 2
2024/10/29, 40, 20, 23, 12, , 2
2024/10/30, 35, 19, 6, 12, , 2
2024/10/31, 39, 15, 14, 7, 1, 1
2024/7/1, 22, 9, 30, 2, 1, 1
2024/7/2, 17, 11, 36, 3, , 1
2024/7/3, 29, 12, 30, 4, 1, 1
2024/7/4, 23, 18, 42, 3, 1, 1
2024/7/5, 37, 17, 23, 2, , 1
2024/7/6, 40, 8, 33, 2, , 1
2024/7/7, 18, 16, 36, 3, , 1
2024/7/8, 39, 19, 41, 3, , 1
2024/7/9, 40, 18, 34, 7, 1, 1
2024/7/10, 43, 31, 46, 7, 1, 1
2024/7/11, 53, 11, 32, 2, , 1
2024/7/12, 16, 12, 32, 1, , 1
2024/7/13, 23, 18, 38, 2, 1, 1
2024/7/14, 36, 22, 34, 5, , 1
2024/7/15, 39, 16, 37, 3, 1, 1
2024/7/16, 30, 22, 35, 2, 1, 1
2024/7/17, 42, 26, 41, 4, 1, 1
2024/7/18, 54, 32, 45, 5, 1, 1
2024/7/19, 66, 34, 48, 4, 1, 1
2024/7/20, 70, 20, 32, 1, 1, 1
2024/7/21, 38, 15, 33, 3, 1, 1
2024/7/22, 30, 10, 19, 4, 1, 2
2024/7/23, 28, , , , , 
2024/7/30, 68, 40, 50, 7, 1, 1
2024/7/31, 64, 39, 47, 4, 1, 2
2024/8/1, 58, 22, 30, 2, 1, 1
2024/8/2, 36, 16, 34, 2, 1, 1
2024/8/3, 26, 12, 34, 3, 1, 1
2024/8/4, 28, 28, 39, 5, 1, 1
2024/8/5, 44, 27, 44, 3, 1, 1
2024/8/6, 50, 24, 39, 3, , 1
2024/8/7, 38, 24, 43, 4, 1, 1
2024/8/8, 40, 30, 45, 6, 1, 2
2024/8/9, 50, 28, 45, 3, 1, 1
2024/8/10, 45, 23, 44, 1, 1, 1
2024/8/11, 35, 34, 42, 3, 1, 1
2024/8/12, 47, 23, 40, 4, , 1
2024/8/13, 39, 11, 26, 3, , 1
2024/8/14, 20, 11, 31, 2, , 1
2024/8/15, 18, 12, 34, 3, , 1
2024/8/16, 28, 14, 27, 2, 1, 1
2024/8/17, 27, 6, 30, 1, 1, 1
2024/8/18, 11, 17, 35, 4, 1, 1
2024/8/19, 41, 50, 58, 4, 2, 2
2024/8/20, 130, 17, 30, 3, 1, 1
2024/8/21, 38, 27, 43, 9, 1, 1
2024/8/22, 58, 30, 44, 4, 1, 1
2024/8/23, 61, 32, 39, 2, 1, 1
2024/8/24, 68, 8, 31, 1, , 1
2024/8/25, 16, 15, 33, 4, 1, 1
2024/8/26, 32, 28, 38, 7, 1, 1
2024/8/27, 55, 31, 36, 2, 1, 1
2024/8/28, 47, 17, 35, 3, 1, 1
2024/8/29, 37, 19, 31, 5, 1, 1
2024/8/30, 38, 20, 35, 3, 1, 2
2024/8/31, 45, 22, 35, 4, 1, 1
2024/9/1, 45, 22, 38, 6, 1, 1
2024/9/2, 55, 11, 18, 5, 1, 2
2024/9/3, 25, 7, 23, 5, 1, 1
2024/9/4, 16, 7, 29, 4, 1, 1
2024/9/5, 15, 10, 21, 5, 1, 1
2024/9/6, 21, 12, 35, 6, 1, 1
2024/9/7, 35, 11, 31, 4, 1, 1
2024/9/8, 27, 10, 35, 3, , 1
2024/9/9, 22, 13, 34, 3, , 1
2024/9/10, 28, 12, 29, 3, , 1
2024/9/11, 27, 7, 28, 3, , 1
2024/9/12, 16, 10, 31, 3, , 1
2024/9/13, 19, 10, 32, 4, , 1
2024/9/14, 23, 8, 34, 2, , 1
2024/9/15, 17, 15, 31, 4, , 1
2024/9/16, 27, 17, 30, 4, , 1
2024/9/17, 35, 20, 33, 4, , 1
2024/9/18, 38, 13, 34, 4, , 1
2024/9/19, 24, 11, 31, 3, , 1
2024/9/20, 25, 8, 27, 3, , 1
2024/9/21, 18, 12, 27, 4, , 1
2024/9/22, 36, 16, 36, 8, , 2
2024/9/23, 47, 19, 35, 10, , 2
2024/9/24, 48, 17, 28, 7, , 1
2024/9/25, 38, 10, 22, 7, , 1
2024/9/26, 23, 9, 29, 5, , 1
2024/9/27, 17, 8, 27, 3, , 1
2024/9/28, 14, 11, 29, 4, , 1
2024/9/29, 23, 21, 31, 14, 1, 1
2024/9/30, 40, 32, 28, 15, , 1
2024/4/1, 13, 7, 32, 6, 2, 1
2024/4/2, 21, 10, 32, 9, 3, 1
2024/4/3, 25, 12, 33, 6, 3, 1
2024/4/4, 32, 15, 36, 5, 2, 1
2024/4/5, 33, 27, 40, 3, 2, 1
2024/4/6, 40, 49, 34, 6, 3, 1
2024/4/7, 60, 33, 33, 6, 3, 1
2024/4/8, 48, 7, 33, 3, 2, 1
2024/4/9, 17, 12, 36, 4, 2, 1
2024/4/10, 22, 12, 35, 7, 2, 1
2024/4/11, 22, 22, 42, 14, 3, 1
2024/4/12, 43, 25, 44, 12, 4, 1
2024/4/13, 49, 24, 31, 8, 3, 1
2024/4/14, 45, 21, 31, 5, 2, 1
2024/4/15, 55, 10, 37, 3, 2, 1
2024/4/16, 20, 9, 42, 3, 2, 1
2024/4/17, 15, 8, 38, 3, 2, 
2024/4/18, 17, 14, 42, 9, 3, 1
2024/4/19, 33, 17, 37, 5, 2, 1
2024/4/20, 36, 12, 36, 2, 2, 1
2024/4/21, 33, 13, 37, 2, 2, 1
2024/4/22, 28, 8, 36, 3, 2, 1
2024/4/23, 19, 11, 35, 4, 2, 1
2024/4/24, 21, 9, 32, 7, 2, 1
2024/4/25, 17, 14, 34, 7, 2, 1
2024/4/26, 33, 10, 37, 4, 2, 1
2024/4/27, 24, 5, 39, 4, 2, 1
2024/4/28, 18, 8, 29, 5, 2, 1
2024/4/29, 18, 7, 39, 7, 3, 1
2024/4/30, 24, 5, 35, 4, 2, 1
2024/5/1, 17, 6, 34, 5, 2, 2
2024/5/2, 13, 10, 38, 8, 2, 3
2024/5/3, 26, 13, 33, 5, 1, 1
2024/5/4, 27, 11, 28, 4, 1, 1
2024/5/5, 25, 8, 34, 5, 1, 1
2024/5/6, 14, 10, 37, 3, 1, 1
2024/5/7, 25, 10, 37, 4, 1, 1
2024/5/8, 25, 16, 45, 6, 1, 1
2024/5/9, 34, 16, 43, 5, 1, 1
2024/5/10, 36, 15, 44, 3, 1, 1
2024/5/11, 38, 13, 43, 4, 1, 1
2024/5/12, 35, 14, 40, 4, 1, 1
2024/5/13, 29, 9, 29, 3, 1, 1
2024/5/14, 18, 21, 31, 5, 1, 1
2024/5/15, 32, 12, 35, 5, 1, 1
2024/5/16, 19, 16, 33, 9, 1, 1
2024/5/17, 25, 5, 37, 8, 1, 1
2024/5/18, 14, 9, 30, 9, 1, 1
2024/5/19, 25, 8, 32, 9, 1, 1
2024/5/20, 17, 14, 111, 9, 1, 1
2024/5/21, 27, 17, 24, 11, 1, 1
2024/5/22, 28, 13, 23, 8, 1, 1
2024/5/23, 22, 14, 28, 9, 2, 1
2024/5/24, 30, 15, 29, 7, 2, 1
2024/5/25, 32, 16, 26, 7, 2, 1
2024/5/26, 37, 13, 19, 6, 2, 1
2024/5/27, 23, 12, 34, 7, 2, 1
2024/5/28, 18, 15, 36, 6, 1, 1
2024/5/29, 25, 20, 33, 5, 1, 1
2024/5/30, 27, 16, 37, 4, 1, 1
2024/5/31, 24, 12, 34, 4, 1, 1
2024/6/1, 25, 8, 34, 3, 1, 1
2024/6/2, 28, 11, 33, 5, 1, 1
2024/6/3, 25, 15, 38, 6, 1, 1
2024/6/4, 33, 27, 44, 6, 1, 1
2024/6/5, 40, 19, 46, 4, 1, 1
2024/6/6, 32, 24, 44, 5, 1, 1
2024/6/7, 37, 25, 45, 4, 2, 1
2024/6/8, 41, 11, 30, 2, 1, 1
2024/6/9, 28, 11, 28, 4, 1, 1
2024/6/10, 24, 11, 26, 4, 1, 1
2024/6/11, 24, 9, 32, 4, 1, 1
2024/6/12, 20, 13, 39, 5, 1, 1
2024/6/13, 26, 16, 43, 6, 1, 1
2024/6/14, 37, 10, 31, 3, 1, 1
2024/6/15, 30, 14, 38, 2, 1, 1
2024/6/16, 24, 16, 34, 3, 1, 1
2024/6/17, 29, 23, 39, 3, 1, 1
2024/6/18, 39, 13, 38, 5, 1, 1
2024/6/19, 25, 10, 32, 5, 1, 2
2024/6/20, 24, 6, 32, 5, 1, 1
2024/6/21, 17, 9, 29, 4, 1, 1
2024/6/22, 24, 7, 24, 3, 1, 1
2024/6/23, 14, 8, 34, 5, 1, 1
2024/6/24, 13, 18, 40, 4, 1, 2
2024/6/25, 34, 19, 34, 6, 1, 2
2024/6/26, 35, 20, 41, 4, 1, 1
2024/6/27, 35, 19, 42, 4, 1, 1
2024/6/28, 28, 10, 29, 2, 1, 1
2024/6/29, 30, 10, 36, 3, 1, 1
2024/6/30, 26, 11, 29, 3, 1, 1
2024/1/1, 39, 19, 4, 11, 1, 1
2024/1/2, 42, 17, 3, 11, 2, 2
2024/1/3, 40, 13, 11, 10, 2, 2
2024/1/4, 35, 6, 21, 8, 1, 1
2024/1/5, 16, 4, 24, 4, 1, 1
2024/1/6, 10, 3, 25, 5, 1, 1
2024/1/7, 8, 5, 22, 8, 1, 1
2024/1/8, 15, 11, 15, 11, 2, 1
2024/1/9, 36, 15, 9, 10, 2, 1
2024/1/10, 41, 9, 16, 9, 1, 1
2024/1/11, 28, 18, 9, 15, 2, 2
2024/1/12, 52, 21, 10, 11, 2, 2
2024/1/13, 57, 30, 2, 12, 2, 2
2024/1/14, 79, 26, 2, 16, 3, 3
2024/1/15, 64, 21, 3, 11, 2, 2
2024/1/16, 53, 12, 21, 10, 1, 1
2024/1/17, 25, 6, 23, 8, 1, 1
2024/1/18, 12, 5, 22, 10, 1, 1
2024/1/19, 19, 9, 21, 9, 1, 1
2024/1/20, 30, 17, 14, 12, 2, 2
2024/1/21, 50, 19, 8, 15, 2, 2
2024/1/22, 56, 12, 10, 14, 2, 2
2024/1/23, 36, 21, 6, 15, 2, 2
2024/1/24, 54, 27, 4, 16, 2, 1
2024/1/25, 64, 23, 3, 10, 1, 1
2024/1/26, 56, 13, 4, 6, 1, 1
2024/1/27, 42, 11, 9, 6, 1, 1
2024/1/28, 32, 17, 9, 9, 1, 1
2024/1/29, 45, 27, 5, 13, 2, 2
2024/1/30, 61, 23, 15, 12, 2, 1
2024/1/31, 50, 34, 18, 11, 2, 1
2024/2/1, 61, 17, 21, 11, 1, 1
2024/2/2, 38, 17, 9, 7, 1, 1
2024/2/3, 50, 20, 6, 8, 2, 1
2024/2/4, 57, 21, 2, 11, 1, 1
2024/2/5, 49, 23, 5, 12, 2, 1
2024/2/6, 52, 28, 17, 12, 2, 1
2024/2/7, 58, 35, 15, 11, 2, 1
2024/2/8, 56, 12, 17, 6, 1, 1
2024/2/9, 25, 6, 27, 7, 1, 1
2024/2/10, 15, 10, 22, 9, 2, 1
2024/2/11, 29, 12, 25, 8, 2, 1
2024/2/12, 30, 18, 18, 18, 2, 2
2024/2/13, 40, 21, 14, 10, 2, 1
2024/2/14, 65, 20, 16, 11, 2, 2
2024/2/15, 48, 9, 28, 6, 1, 1
2024/2/16, 17, 8, 29, 7, 1, 1
2024/2/17, 19, 8, 27, 7, 1, 1
2024/2/18, 25, 8, 27, 6, 1, 1
2024/2/19, 14, 14, 25, 10, 1, 1
2024/2/20, 32, 31, 15, 15, 2, 1
2024/2/21, 70, 22, 31, 9, 2, 1
2024/2/22, 43, 6, 27, 7, 1, 1
2024/2/23, 11, 5, 30, 7, 1, 1
2024/2/24, 13, 5, 19, 5, 1, 1
2024/2/25, 18, 14, 27, 7, 2, 1
2024/2/26, 8, 7, 29, 4, 2, 1
2024/2/27, 13, 7, 31, 5, 2, 1
2024/2/28, 15, 7, 29, 6, 3, 1
2024/2/29, 18, 7, 28, 9, 3, 1
2024/3/1, 16, 6, 31, 6, 2, 1
2024/3/2, 17, 4, 29, 4, 2, 1
2024/3/3, 12, 10, 19, 14, 3, 1
2024/3/4, 30, 10, 29, 9, 3, 1
2024/3/5, 25, 20, 29, 11, 3, 1
2024/3/6, 51, 16, 35, 5, 2, 1
2024/3/7, 34, 7, 25, 9, 2, 1
2024/3/8, 16, 3, 28, 5, 2, 1
2024/3/9, 9, 6, 24, 7, 2, 1
2024/3/10, 14, 7, 29, 7, 2, 1
2024/3/11, 18, 8, 28, 10, 3, 1
2024/3/12, 20, 15, 30, 10, 3, 1
2024/3/13, 40, 23, 32, 10, 4, 1
2024/3/14, 56, 18, 28, 12, 4, 1
2024/3/15, 41, 14, 32, 7, 4, 1
2024/3/16, 38, 19, 29, 8, 5, 1
2024/3/17, 48, 24, 22, 12, 4, 1
2024/3/18, 54, 30, 35, 8, 4, 1
2024/3/19, 59, 20, 34, 4, 2, 1
2024/3/20, 45, 20, 31, 12, 4, 1
2024/3/21, 45, 41, 33, 15, 4, 1
2024/3/22, 71, 19, 31, 4, 2, 1
2024/3/23, 34, 10, 32, 4, 2, 1
2024/3/24, 19, 7, 25, 3, 2, 1
2024/3/25, 16, 5, 28, 7, 2, 1
2024/3/26, 11, 7, 29, 8, 2, 1
2024/3/27, 17, 4, 33, 3, 2, 1
2024/3/28, 11, 4, 29, 3, 2, 1
2024/3/29, 11, 3, 31, 2, 2, 1
2024/3/30, 12, 4, 32, 3, 2, 1
2024/3/31, 9, 4, 33, 5, 2, 1
2023/11/5, 21, 7, 29, 4, 1, 1
2023/11/6, 18, 7, 24, 11, 1, 1
2023/11/7, 30, 14, 20, 12, 1, 1
2023/11/8, 36, 17, 17, 9, 1, 1
2023/11/9, 32, 12, 21, 13, 1, 1
2023/11/10, 32, 16, 21, 12, 1, 2
2023/11/11, 27, 10, 19, 9, 1, 2
2023/11/12, 22, 8, 21, 9, 1, 1
2023/11/13, 34, 15, 11, 11, 1, 1
2023/11/14, 37, 15, 15, 10, 1, 1
2023/11/15, 28, 12, 21, 12, 1, 1
2023/11/16, 41, 17, 14, 10, 1, 1
2023/11/17, 20, 8, 24, 8, 1, 1
2023/11/18, 46, 17, 15, 13, 1, 1
2023/11/19, 50, 18, 11, 12, 1, 1
2023/11/20, 36, 16, 23, 9, 1, 1
2023/11/21, 19, 7, 24, 5, 1, 1
2023/11/22, 23, 8, 24, 5, 1, 1
2023/11/23, 29, 10, 23, 6, 1, 1
2023/11/24, 24, 11, 21, 6, 1, 1
2023/11/25, 19, 7, 23, 5, , 1
2023/11/26, 43, 13, 14, 11, 1, 1
2023/11/27, 52, 28, 8, 12, 1, 1
2023/11/28, 23, 9, 18, 11, 1, 1
2023/11/29, 34, 13, 13, 14, 1, 2
2023/11/30, 29, 14, 18, 14, 1, 1
2023/12/1, 18, 6, 22, 11, , 1
2023/12/2, 16, 5, 22, 6, 1, 1
2023/12/3, 25, 6, 17, 6, 1, 1
2023/12/4, 23, 7, 17, 7, 1, 1
2023/12/5, 17, 8, 20, 13, 1, 1
2023/12/6, 33, 12, 17, 12, 1, 1
2023/12/7, 38, 12, 11, 7, 1, 1
2023/12/8, 29, 10, 22, 8, 1, 1
2023/12/9, 34, 10, 10, 12, 1, 1
2023/12/10, 37, 11, 6, 12, 1, 2
2023/12/11, 33, 18, 12, 14, 1, 3
2023/12/12, 34, 13, 16, 11, 1, 1
2023/12/13, 15, 8, 22, 7, 1, 1
2023/12/14, 15, 9, 23, 6, 1, 1
2023/12/15, 13, 6, 24, 6, 1, 1
2023/12/16, 22, 8, 22, 9, 1, 1
2023/12/17, 47, 17, 7, 11, 1, 1
2023/12/18, 63, 26, 4, 13, 2, 2
2023/12/19, 31, 24, 19, 13, 2, 1
2023/12/20, 22, 11, 27, 5, 1, 1
2023/12/21, 11, 6, 24, 6, 1, 1
2023/12/22, 14, 7, 26, 5, 1, 1
2023/12/23, 14, 5, 27, 6, 1, 1
2023/12/24, 25, 6, 18, 9, 2, 1
2023/12/25, 39, 10, 7, 5, 1, 1
2023/12/26, 39, 13, 2, 6, 1, 1
2023/12/27, 25, 8, 4, 4, 1, 1
2023/12/28, 53, 18, 1, 8, 1, 1
2023/12/29, 83, 34, 1, 11, 2, 3
2023/12/30, 60, 25, 11, 7, 2, 1
2023/12/31, 45, 18, 15, 11, 2, 1
2024/7/29, , 50, 40, 3, 1, 1
2023/10/1, , 24, 37, 11, 1, 1
2023/10/2, , 29, 10, 11, 1, 1
2023/10/4, , 17, 32, 9, 1, 1
2023/10/5, , 38, 34, 14, 1, 1
2023/10/6, , 45, 27, 18, 1, 1
2023/10/7, , 39, 32, 9, 1, 1
2023/10/8, , 29, 32, 7, 1, 1
2023/10/9, , 33, 30, 12, 1, 1
2023/10/10, , 39, 35, 15, 1, 1
2023/10/11, , 39, 31, 16, 1, 1
2023/10/12, , 26, 29, 7, 1, 1
2023/10/13, , 26, 31, 8, 1, 1
2023/10/14, , 29, 23, 7, 1, 1
2023/10/15, , 10, 27, 5, 1, 1
2023/10/16, , 11, 29, 5, 1, 1
2023/10/17, , 14, 25, 5, , 1
2023/10/18, , 14, 22, 8, 1, 1
2023/10/19, , 7, 23, 8, 1, 1
2023/10/20, , 6, 29, 5, , 1
2023/10/21, , 7, 29, 6, 1, 1
2023/10/22, , 7, 28, 3, 1, 1
2023/10/23, , 8, 21, 11, 1, 1
2023/10/24, , 8, 25, 10, 1, 1
2023/10/25, , 10, 20, 9, , 1
2023/10/26, , 9, 28, 8, 1, 1
2023/10/27, , 7, 25, 7, 1, 2
2023/10/28, , 6, 27, 5, 1, 1
2023/10/29, , 6, 29, 4, 1, 1
2023/10/30, , 8, 27, 6, 1, 1
2023/10/31, , 11, 18, 10, , 1
2023/11/1, , 10, 22, 7, 1, 1
2023/11/2, , 5, 29, 7, 1, 1
2023/11/3, , 6, 26, 9, , 1
2023/11/4, , 5, 31, 5, 1, 1
2023/7/1, , 8, 23, 2, , 1
2023/7/2, , 6, 22, 5, , 1
2023/7/3, , 8, 33, 6, , 1
2023/7/4, , 17, 34, 4, , 1
2023/7/5, , 11, 26, 3, , 1
2023/7/6, , 15, 28, 5, , 1
2023/7/7, , 13, 42, 4, , 1
2023/7/8, , 20, 41, 5, , 1
2023/7/9, , 21, 35, 3, , 1
2023/7/10, , 18, 37, 3, , 1
2023/7/11, , 44, 26, 4, , 1
2023/7/12, , 14, 29, 4, , 1
2023/7/13, , 11, 35, 4, , 1
2023/7/14, , 21, 36, 3, , 1
2023/7/15, , 17, 33, 1, , 1
2023/7/16, , 12, 29, 3, , 1
2023/7/17, , 23, 35, 4, , 1
2023/7/18, , 30, 33, 4, , 1
2023/7/19, , 23, 40, 3, , 1
2023/7/20, , 17, 28, 3, , 1
2023/7/21, , 11, 39, 2, , 1
2023/7/22, , 10, 32, 2, , 1
2023/7/23, , 20, 30, 3, , 1
2023/7/24, , 14, 29, 2, , 1
2023/7/25, , 11, 29, 4, , 1
2023/7/26, , 10, 34, 4, , 1
2023/7/27, , 20, 52, 5, , 1
2023/7/28, , 16, 37, 3, , 1
2023/7/29, , 15, 29, 2, , 1
2023/7/30, , 6, 38, 5, , 1
2023/7/31, , 9, 26, 4, , 1
2023/8/1, , 11, 38, 6, , 1
2023/8/2, , 15, 31, 2, , 1
2023/8/3, , 10, 30, 2, , 1
2023/8/4, , 11, 34, 2, , 1
2023/8/5, , 9, 31, 1, , 1
2023/8/6, , 9, 37, 5, , 1
2023/8/7, , 11, 37, 10, , 1
2023/8/8, , 23, 33, 4, , 1
2023/8/9, , 28, 38, 5, , 1
2023/8/10, , 27, 48, 5, , 1
2023/8/11, , 20, 51, 6, , 1
2023/8/12, , 25, 37, 1, , 1
2023/8/13, , 16, 32, 1, , 1
2023/8/14, , 17, 36, 1, , 1
2023/8/15, , 14, 35, 3, , 1
2023/8/16, , 19, 38, 3, , 1
2023/8/17, , 20, 45, 4, , 1
2023/8/18, , 24, 41, 7, , 1
2023/8/19, , 23, 42, 4, , 1
2023/8/20, , 21, 38, 4, , 1
2023/8/21, , 18, 43, 7, 1, 1
2023/8/22, , 29, 41, 6, 1, 1
2023/8/23, , 39, 42, 6, 1, 1
2023/8/24, , 29, 35, 6, 1, 1
2023/8/25, , 29, 28, 3, 1, 1
2023/8/26, , 16, 31, 1, 1, 1
2023/8/27, , 13, 28, 3, 1, 1
2023/8/28, , 8, 33, 3, 1, 1
2023/8/29, , 9, 29, 4, 1, 1
2023/8/30, , 9, 27, 5, 1, 1
2023/8/31, , 12, 37, 5, 1, 1
2023/9/1, , 24, 23, 4, 1, 1
2023/9/2, , 10, 32, 4, 1, 1
2023/9/3, , 10, 36, 4, 1, 1
2023/9/4, , 33, 38, 5, 1, 1
2023/9/5, , 40, 37, 6, 1, 1
2023/9/6, , 16, 42, 4, 1, 1
2023/9/7, , 15, 41, 5, 1, 1
2023/9/8, , 21, 37, 3, 1, 1
2023/9/9, , 17, 33, 3, 1, 1
2023/9/10, , 17, 33, 8, , 1
2023/9/11, , 18, 32, 7, , 1
2023/9/12, , 13, 28, 5, , 1
2023/9/13, , 7, 32, 5, , 1
2023/9/14, , 10, 23, 4, , 1
2023/9/15, , 10, 34, 2, , 1
2023/9/16, , 11, 28, 3, , 1
2023/9/17, , 26, 25, 8, , 1
2023/9/18, , 11, 32, 5, 1, 1
2023/9/19, , 11, 33, 9, , 1
2023/9/20, , 12, 27, 8, , 1
2023/9/21, , 11, 27, 6, , 1
2023/9/22, , 9, 31, 5, , 1
2023/9/23, , 7, 33, 7, , 1
2023/9/24, , 9, 36, 10, 1, 1
2023/9/25, , 20, 34, 9, , 1
2023/9/26, , 23, 28, 11, 1, 1
2023/9/27, , 26, 42, 16, 1, 1
2023/9/28, , 34, 38, 19, 1, 2
2023/9/29, , 40, 38, 14, 1, 1
2023/9/30, , 31, 37, 11, 1, 1
2023/4/1, , 21, 33, 3, , 1
2023/4/2, , 6, 32, 5, , 1
2023/4/3, , 9, 32, 6, , 1
2023/4/4, , 9, 33, 8, , 1
2023/4/5, , 10, 37, 6, , 1
2023/4/6, , 12, 39, 6, , 1
2023/4/7, , 13, 41, 7, , 1
2023/4/8, , 14, 42, 8, , 1
2023/4/9, , 12, 41, 10, , 1
2023/4/10, , 26, 38, 7, , 1
2023/4/11, , 15, 32, 8, , 1
2023/4/12, , 22, 34, 5, , 1
2023/4/13, , 8, 30, 9, , 1
2023/4/14, , 11, 33, 3, , 1
2023/4/15, , 12, 36, 3, , 1
2023/4/16, , 6, 39, 5, , 1
2023/4/17, , 10, 39, 6, , 1
2023/4/18, , 14, 42, 6, , 1
2023/4/19, , 16, 39, 12, , 1
2023/4/20, , 20, 42, 7, , 1
2023/4/21, , 27, 36, 4, , 1
2023/4/22, , 16, , , , 
2023/4/25, , 11, 26, 7, , 1
2023/4/26, , 9, 35, 6, , 1
2023/4/27, , 17, 37, 4, , 1
2023/4/28, , 21, 27, 4, , 1
2023/4/29, , 17, 31, 2, , 1
2023/4/30, , 9, 33, 2, , 
2023/5/1, , 7, 39, 8, , 
2023/5/2, , 10, 43, 6, , 1
2023/5/3, , 29, 42, 7, , 1
2023/5/4, , 16, 39, 9, , 1
2023/5/5, , 22, 42, 4, , 1
2023/5/6, , 20, 35, 2, , 1
2023/5/7, , 10, 34, 5, , 1
2023/5/8, , 12, 30, 6, , 1
2023/5/9, , 13, 35, 3, , 1
2023/5/10, , 12, 35, 3, , 1
2023/5/11, , 10, 32, 4, , 1
2023/5/12, , 8, 33, 3, , 1
2023/5/13, , 8, 42, 2, , 1
2023/5/14, , 9, 43, 3, , 1
2023/5/15, , 15, 34, 3, , 1
2023/5/16, , 13, 35, 4, , 1
2023/5/17, , 15, 37, 4, , 1
2023/5/18, , 16, 38, 4, , 1
2023/5/19, , 15, 40, 3, , 2
2023/5/20, , 16, 43, 3, , 1
2023/5/21, , 14, 38, 5, , 1
2023/5/22, , 16, 34, 7, , 1
2023/5/23, , 15, 37, 6, , 1
2023/5/24, , 14, 36, 4, , 1
2023/5/25, , 13, 36, 4, , 1
2023/5/26, , 11, 38, 4, , 1
2023/5/27, , 26, 40, 4, , 1
2023/5/28, , 25, 42, 6, , 1
2023/5/29, , 22, 42, 4, , 1
2023/5/30, , 24, 44, 6, , 1
2023/5/31, , 18, 38, 4, , 1
2023/6/1, , 12, 50, 4, , 1
2023/6/2, , 11, 43, 4, , 1
2023/6/3, , 12, 51, 3, , 1
2023/6/4, , 9, 45, 5, , 1
2023/6/5, , 13, 44, 3, , 1
2023/6/6, , 15, 35, 3, , 1
2023/6/7, , 10, 31, 4, , 1
2023/6/8, , 11, 31, 5, , 1
2023/6/9, , 10, 33, 6, , 1
2023/6/10, , 10, 33, 3, , 1
2023/6/11, , 9, 39, 6, , 1
2023/6/12, , 9, 40, 6, , 1
2023/6/13, , 11, 39, 3, , 1
2023/6/14, , 12, 43, 5, , 1
2023/6/15, , 12, 45, 9, , 1
2023/6/16, , 15, 49, 6, , 1
2023/6/17, , 24, 45, 2, , 1
2023/6/18, , 11, 42, 4, , 1
2023/6/19, , 14, 35, 6, , 1
2023/6/20, , 21, 27, 6, , 1
2023/6/21, , 18, 34, 5, , 1
2023/6/22, , 10, , , , 
2023/6/26, , 14, 32, 3, , 1
2023/6/27, , 13, 36, 4, , 1
2023/6/28, , 15, 36, 4, , 1
2023/6/29, , 18, 33, 3, , 1
2023/6/30, , 9, 24, 2, , 1
2023/1/2, , 18, 18, 16, 2, 1
2023/1/3, , 15, 10, 19, 2, 2
2023/1/4, , 17, 7, 8, 1, 1
2023/1/5, , 11, 8, 7, 1, 1
2023/1/6, , 10, 7, 7, 1, 1
2023/1/7, , 7, 8, 7, 2, 1
2023/1/8, , 8, 23, 14, 2, 1
2023/1/9, , 11, 12, 21, 2, 2
2023/1/10, , 22, 23, 13, 2, 1
2023/1/11, , 17, 18, 19, 2, 2
2023/1/12, , 18, 16, 16, 2, 1
2023/1/13, , 20, 12, 12, 2, 1
2023/1/14, , 14, 24, 11, 2, 1
2023/1/15, , 12, 27, 13, 1, 1
2023/1/16, , 5, 29, 11, 1, 1
2023/1/17, , 5, 26, 11, 1, 1
2023/1/18, , 7, 23, 10, 1, 1
2023/1/19, , 4, 25, 9, 1, 1
2023/1/20, , 5, 27, 7, 2, 1
2023/1/21, , 5, 27, 6, 2, 1
2023/1/22, , 6, 25, 7, 2, 1
2023/1/23, , 6, 16, 12, 2, 2
2023/1/24, , 10, 18, 10, 2, 2
2023/1/25, , 11, 27, 8, 2, 1
2023/1/26, , 8, 24, 9, 2, 1
2023/1/27, , 8, 25, 7, 2, 1
2023/1/28, , 7, 22, 9, 2, 1
2023/1/29, , 6, 23, 12, 2, 2
2023/1/30, , 10, 24, 13, 2, 1
2023/1/31, , 9, 25, 13, 2, 1
2023/2/1, , 8, 21, 18, 2, 2
2023/2/2, , 16, 17, 20, 2, 2
2023/2/3, , 27, 25, 13, 2, 2
2023/2/4, , 24, 27, 7, 2, 1
2023/2/5, , 7, 24, 13, 2, 1
2023/2/6, , 13, 15, 16, 2, 2
2023/2/7, , 15, 17, 17, 2, 2
2023/2/8, , 12, 23, 15, 2, 2
2023/2/9, , 13, 22, 16, 2, 2
2023/2/10, , 21, 28, 12, 3, 1
2023/2/11, , 19, 29, 10, 2, 1
2023/2/12, , 17, 24, 14, 3, 1
2023/2/13, , 19, 22, 14, 2, 1
2023/2/14, , 23, 26, 18, 2, 2
2023/2/15, , 26, 22, 20, 2, 1
2023/2/16, , 34, 24, 8, 3, 2
2023/2/17, , 40, 28, 5, 2, 1
2023/2/18, , 28, 29, 4, 2, 2
2023/2/19, , 31, 28, 5, 3, 2
2023/2/20, , 45, 23, 4, 3, 2
2023/2/21, , 35, 23, 4, 2, 2
2023/2/22, , 48, 22, 3, 2, 1
2023/2/23, , 17, 28, 4, 2, 1
2023/2/24, , 7, 24, 4, 2, 1
2023/2/25, , 11, 31, 2, 2, 1
2023/2/26, , 10, 29, 2, 2, 1
2023/2/27, , 7, 28, 2, 2, 1
2023/2/28, , 13, 29, 3, 2, 1
2023/3/1, , 14, 26, 3, 2, 2
2023/3/2, , 14, 30, 3, 2, 1
2023/3/3, , 13, , , , 
2023/3/7, , 16, 22, 8, 2, 1
2023/3/8, , 13, 32, 6, 2, 1
2023/3/9, , 6, 31, 7, 2, 1
2023/3/10, , 15, 23, 6, 2, 1
2023/3/11, , 9, 22, 5, 2, 1
2023/3/12, , 9, 34, 6, 2, 1
2023/3/13, , 14, 33, 5, 2, 1
2023/3/14, , 11, 33, 9, 2, 1
2023/3/15, , 20, 38, 7, 2, 1
2023/3/16, , 19, 36, 5, 2, 1
2023/3/17, , 14, 34, 6, 2, 1
2023/3/18, , 13, 32, 5, 2, 1
2023/3/19, , 5, 31, 10, 2, 1
2023/3/20, , 12, 32, 10, 2, 1
2023/3/21, , 23, 29, 8, 3, 1
2023/3/22, , 26, 41, 7, 4, 3
2023/3/23, , 22, 24, 10, 3, 4
2023/3/24, , 16, 34, 6, 2, 1
2023/3/25, , 14, 34, 5, 2, 1
2023/3/26, , 15, 35, 5, 2, 1
2023/3/27, , 12, 37, 9, 1, 1
2023/3/28, , 19, 39, 7, , 1
2023/3/29, , 23, 34, 12, 1, 1
2023/3/30, , 25, 31, 7, , 1
2023/3/31, , 19, 34, 4, , 1
2022/10/1, , 10, , , , 
2022/10/3, , 33, 32, 18, 1, 1
2022/10/4, , 37, 33, 10, 1, 1
2022/10/5, , 29, 35, 9, 1, 1
2022/10/6, , 28, 32, 10, 1, 1
2022/10/7, , 23, 29, 9, 1, 1
2022/10/8, , 28, 30, 8, 1, 1
2022/10/9, , 28, 23, 8, 1, 1
2022/10/10, , 23, 21, 12, 1, 1
2022/10/11, , 22, 28, 8, 1, 1
2022/10/12, , 16, 23, 13, 1, 1
2022/10/13, , 19, 23, 15, 1, 1
2022/10/14, , 20, 33, 9, 1, 1
2022/10/15, , 23, 34, 5, 1, 1
2022/10/16, , 22, 27, 6, 1, 1
2022/10/17, , 18, 28, 6, 1, 1
2022/10/18, , 38, 16, 7, 1, 1
2022/10/19, , 42, 13, 8, 1, 1
2022/10/20, , 28, 14, 10, 1, 1
2022/10/21, , 21, 27, 7, 1, 1
2022/10/22, , 7, 26, 9, 1, 1
2022/10/23, , 13, 17, 13, 1, 1
2022/10/24, , 16, 12, 11, 1, 1
2022/10/25, , 19, 9, 13, 1, 1
2022/10/26, , 35, 22, 10, 1, 1
2022/10/27, , 34, 30, 9, 1, 1
2022/10/28, , 27, 33, 6, 1, 1
2022/10/29, , 25, 23, 7, 1, 1
2022/10/30, , 29, 17, 11, 1, 1
2022/10/31, , 28, 20, 10, 1, 1
2022/11/1, , 16, 19, 11, 1, 1
2022/11/2, , 16, 19, 11, 1, 1
2022/11/3, , 21, 24, 9, 1, 1
2022/11/4, , 11, 25, 10, 1, 1
2022/11/5, , 9, 15, 11, 1, 1
2022/11/6, , 15, 19, 12, 1, 1
2022/11/7, , 19, 16, 17, 2, 1
2022/11/8, , 29, 16, 15, 1, 1
2022/11/9, , 24, 18, 15, 1, 1
2022/11/10, , 13, 19, 11, 2, 1
2022/11/11, , 18, 22, 8, 1, 1
2022/11/12, , 8, 16, 9, 1, 1
2022/11/13, , 10, 9, 11, 1, 1
2022/11/14, , 17, 16, 13, 1, 1
2022/11/15, , 17, 17, 15, 1, 1
2022/11/16, , 10, 23, 10, 1, 1
2022/11/17, , 11, 20, 11, 1, 1
2022/11/18, , 6, 27, 7, 1, 1
2022/11/19, , 5, 22, 10, 1, 1
2022/11/20, , 5, 22, 10, 1, 1
2022/11/21, , 6, 20, 14, 1, 1
2022/11/22, , 7, 11, 15, 1, 1
2022/11/23, , 13, 5, 13, 1, 1
2022/11/24, , 18, 20, 11, 1, 1
2022/11/25, , 10, 15, 15, 2, 1
2022/11/26, , 10, 13, 9, 2, 1
2022/11/27, , 15, 23, 11, 1, 1
2022/11/28, , 9, 25, 9, 1, 1
2022/11/29, , 4, , , , 
2022/12/2, , 8, 5, 8, 1, 1
2022/12/3, , 6, 14, 7, 1, 1
2022/12/4, , 6, 10, 7, 1, 1
2022/12/5, , 4, 7, 11, 1, 2
2022/12/6, , 9, 6, 10, 1, 2
2022/12/7, , 7, , , , 
2022/12/11, , 8, 8, 10, 1, 1
2022/12/12, , 6, 4, 11, 1, 1
2022/12/13, , 7, 12, 12, 1, 1
2022/12/14, , 7, 13, 17, 1, 1
2022/12/15, , 11, 10, 17, 1, 2
2022/12/16, , 15, 15, 13, 2, 1
2022/12/17, , 11, 12, 7, 2, 1
2022/12/18, , 11, 11, 7, 1, 1
2022/12/19, , 12, 10, 8, 1, 1
2022/12/20, , 11, 8, 16, 2, 2
2022/12/21, , 14, 4, 21, 2, 3
2022/12/22, , 24, 6, 18, 2, 3
2022/12/23, , 18, 15, 9, 2, 1
2022/12/24, , 12, 7, 7, 2, 1
2022/12/25, , 11, 9, 8, 2, 1
2022/12/26, , 12, 6, 11, 2, 1
2022/12/27, , 19, 5, 9, 1, 1
2022/12/28, , 14, 4, 14, 2, 2
2022/12/29, , 23, 15, 12, 2, 1
2022/12/30, , 14, 16, 8, 1, 1
2022/12/31, , 14, 10, 6, 2, 1
2023/1/1, , 16, 20, 10, 2, 1
2022/7/1, , 10, 37, 5, 2, 1
2022/7/2, , 20, 38, 6, 2, 1
2022/7/3, , 25, 33, 6, 1, 1
2022/7/4, , 15, 42, 5, 2, 1
2022/7/5, , 18, 33, 8, 2, 1
2022/7/6, , 21, 27, 6, 3, 1
2022/7/7, , 14, , , , 
2022/7/11, , 22, 56, 10, 2, 1
2022/7/12, , 22, 54, 13, 2, 1
2022/7/13, , 29, 55, 14, 2, 1
2022/7/14, , 33, 59, 12, 2, 1
2022/7/15, , 34, 57, 12, 2, 1
2022/7/16, , 38, 54, 5, 2, 1
2022/7/17, , 29, 33, 4, 2, 2
2022/7/18, , 31, 45, 6, 3, 1
2022/7/19, , 25, 41, 7, 2, 1
2022/7/20, , 26, 46, 6, 3, 1
2022/7/21, , 23, 48, 7, 3, 1
2022/7/22, , 32, 42, 6, 2, 1
2022/7/23, , 15, 43, 6, 3, 1
2022/7/24, , 25, 31, 6, 2, 1
2022/7/25, , 26, 31, 5, 1, 1
2022/7/26, , 15, 39, 5, 1, 1
2022/7/27, , 13, 40, 6, 1, 1
2022/7/28, , 20, 33, 7, 1, 1
2022/7/29, , 23, 35, 4, 1, 1
2022/7/30, , 12, 40, 4, 1, 1
2022/7/31, , 10, 42, 10, 1, 1
2022/8/1, , 19, 47, 9, 1, 1
2022/8/2, , 22, 25, 11, 1, 1
2022/8/3, , 53, , , , 
2022/8/6, , 17, 44, 5, 1, 1
2022/8/7, , 21, 43, 8, 1, 1
2022/8/8, , 26, 45, 6, 1, 1
2022/8/9, , 24, 46, 9, 1, 1
2022/8/10, , 21, 45, 9, 1, 1
2022/8/11, , 24, 54, 10, 1, 1
2022/8/12, , 29, 40, 8, 1, 1
2022/8/13, , 41, 46, 5, 1, 1
2022/8/14, , 22, 44, 5, 1, 1
2022/8/15, , 17, 43, 7, 1, 1
2022/8/16, , 24, 34, 5, 1, 1
2022/8/17, , 17, 31, 4, 1, 1
2022/8/18, , 15, 34, 5, 1, 1
2022/8/19, , 10, , , , 
2022/8/22, , 12, 29, 8, 1, 1
2022/8/23, , 9, 29, 8, 1, 1
2022/8/24, , 30, 41, 8, 1, 1
2022/8/25, , 19, 31, 6, 1, 1
2022/8/26, , 9, 40, 7, 1, 1
2022/8/27, , 10, 43, 6, 1, 1
2022/8/28, , 15, 32, 6, 1, 1
2022/8/29, , 17, 41, 10, 1, 1
2022/8/30, , 25, 41, 8, 1, 1
2022/8/31, , 21, 44, 7, 1, 1
2022/9/1, , 19, 43, 8, 1, 1
2022/9/2, , 20, 40, 5, 1, 1
2022/9/3, , 13, 37, 4, 1, 1
2022/9/4, , 16, 36, 7, 1, 1
2022/9/5, , 22, 31, 12, 1, 1
2022/9/6, , 16, 32, 10, 1, 1
2022/9/7, , 19, 31, 11, 1, 1
2022/9/8, , 26, 29, 9, 1, 1
2022/9/9, , 12, 34, 6, 1, 1
2022/9/10, , 13, 31, 4, 1, 1
2022/9/11, , 16, 27, 7, 1, 1
2022/9/12, , 19, 15, 7, 1, 1
2022/9/13, , 19, 29, 9, 1, 1
2022/9/14, , 16, 32, 12, 1, 1
2022/9/15, , 16, 32, 7, 1, 1
2022/9/16, , 11, 35, 6, 1, 1
2022/9/17, , 12, 34, 7, 1, 1
2022/9/18, , 15, 32, 9, 1, 1
2022/9/19, , 19, 37, 11, 1, 1
2022/9/20, , 18, 35, 10, 1, 1
2022/9/21, , 17, 40, 9, 1, 1
2022/9/22, , 21, 34, 8, 1, 1
2022/9/23, , 24, 32, 5, 1, 1
2022/9/24, , 10, 30, 4, 1, 1
2022/9/25, , 6, 31, 7, 1, 1
2022/9/26, , 9, 30, 7, 1, 1
2022/9/27, , 13, 26, 9, 1, 1
2022/9/28, , 13, 25, 9, 1, 1
2022/9/29, , 10, 29, 6, 1, 1
2022/9/30, , 9, 29, 7, 1, 1
2022/4/1, , 8, 32, 8, 2, 1
2022/4/2, , 8, 28, 8, 2, 1
2022/4/3, , 7, 37, 8, 2, 1
2022/4/4, , 12, 38, 15, 2, 1
2022/4/5, , 16, 33, 11, 2, 1
2022/4/6, , 14, 32, 14, 2, 1
2022/4/7, , 14, 29, 12, 2, 1
2022/4/8, , 14, 36, 7, 2, 1
2022/4/9, , 7, 34, 5, 2, 1
2022/4/10, , 14, 38, 6, 2, 1
2022/4/11, , 16, 35, 6, 2, 1
2022/4/12, , 18, 18, 14, 2, 1
2022/4/13, , 17, 7, 18, 2, 2
2022/4/14, , 12, , , , 
2022/4/17, , 10, 38, 8, 2, 1
2022/4/18, , 13, 28, 9, 2, 1
2022/4/19, , 7, 34, 8, 2, 1
2022/4/20, , 4, 34, 8, 2, 1
2022/4/21, , 5, 31, 10, 2, 1
2022/4/22, , 9, 33, 7, 2, 1
2022/4/23, , 5, 33, 5, 2, 1
2022/4/24, , 4, 40, 10, 2, 1
2022/4/25, , 10, 37, 10, 2, 1
2022/4/26, , 13, 34, 13, 2, 1
2022/4/27, , 12, 25, 12, 2, 1
2022/4/28, , 11, 35, 12, 2, 1
2022/4/29, , 14, 35, 6, 2, 1
2022/4/30, , 22, 42, 7, 2, 1
2022/5/1, , 12, 39, 6, 2, 1
2022/5/2, , 15, 25, 12, 2, 1
2022/5/3, , 14, 36, 9, 2, 1
2022/5/4, , 16, 35, 8, 2, 1
2022/5/5, , 13, 34, 8, 2, 1
2022/5/6, , 10, 37, 7, 2, 1
2022/5/7, , 11, 38, 7, 2, 1
2022/5/8, , 11, 43, 11, 2, 1
2022/5/9, , 18, 26, 9, 2, 1
2022/5/10, , 31, 46, 8, 3, 1
2022/5/11, , 21, 42, 7, 2, 1
2022/5/12, , 22, 47, 15, 3, 1
2022/5/13, , 26, 41, 8, 3, 1
2022/5/14, , 27, 39, 6, 2, 1
2022/5/15, , 16, 39, 10, 3, 1
2022/5/16, , 24, 27, 12, 3, 1
2022/5/17, , 22, 40, 8, 2, 1
2022/5/18, , 18, 39, 5, 2, 
2022/5/19, , 28, 41, 6, 3, 1
2022/5/20, , 23, 41, 7, 3, 1
2022/5/21, , 25, 35, 8, 3, 1
2022/5/22, , 28, 37, 7, 2, 1
2022/5/23, , 19, 30, 7, 2, 1
2022/5/24, , 10, 32, 6, 2, 1
2022/5/25, , 8, 32, 7, 2, 1
2022/5/26, , 12, 30, 8, 2, 1
2022/5/27, , 11, 33, 7, 2, 1
2022/5/28, , 10, 36, 6, 2, 1
2022/5/29, , 11, 41, 9, 2, 1
2022/5/30, , 19, 40, 9, 2, 1
2022/5/31, , 20, 37, 8, 2, 1
2022/6/1, , 21, 43, 8, 3, 1
2022/6/2, , 25, 33, 8, 2, 1
2022/6/3, , 28, 40, 7, 2, 2
2022/6/4, , 22, 41, 5, 2, 1
2022/6/5, , 10, 37, 9, 2, 1
2022/6/6, , 14, 33, 8, 2, 1
2022/6/7, , 12, 29, 8, 1, 1
2022/6/8, , 13, 15, 4, 2, 1
2022/6/9, , 6, 39, 12, 2, 1
2022/6/10, , 12, 44, 7, 2, 1
2022/6/11, , 22, 34, 10, 2, 1
2022/6/12, , 18, 46, 8, 2, 1
2022/6/13, , 20, 44, 7, 2, 1
2022/6/14, , 24, 45, 10, 2, 1
2022/6/15, , 36, 50, 11, 2, 1
2022/6/16, , 47, 52, 12, 2, 1
2022/6/17, , 48, 43, 6, 2, 2
2022/6/18, , 53, 38, 4, 1, 1
2022/6/19, , 31, 34, 5, 1, 1
2022/6/20, , 30, 38, 6, 1, 1
2022/6/21, , 23, 32, 8, 1, 1
2022/6/22, , 20, 33, 8, 1, 1
2022/6/23, , 14, 34, 7, 1, 1
2022/6/24, , 9, 38, 8, 2, 1
2022/6/25, , 21, 37, 4, 2, 1
2022/6/26, , 11, 28, 6, 1, 1
2022/6/27, , 11, 35, 8, 2, 1
2022/6/28, , 10, 48, 8, 2, 1
2022/6/29, , 22, 28, 6, 2, 1
2022/6/30, , 11, 40, 7, 2, 1
2022/2/9, , 42, 21, 11, 2, 2
2022/2/10, , 44, 17, 13, 2, 2
2022/2/11, , 32, 21, 13, 1, 2
2022/2/12, , 27, 20, 12, 2, 1
2022/2/13, , 33, 24, 7, 1, 1
2022/2/14, , 13, 28, 8, 1, 1
2022/2/15, , 15, 27, 13, 1, 1
2022/2/16, , 23, 21, 15, 1, 2
2022/2/17, , 17, 21, 11, 1, 2
2022/2/18, , 35, 27, 10, 2, 1
2022/2/19, , 9, 28, 6, 1, 1
2022/2/20, , 6, 28, 6, 1, 1
2022/2/21, , 11, 30, 8, 1, 1
2022/2/22, , 20, 27, 9, 1, 1
2022/2/23, , 26, 31, 13, 2, 1
2022/2/24, , 30, 27, 13, 2, 1
2022/2/25, , 12, 25, 10, 1, 1
2022/2/26, , 15, 30, 5, 2, 1
2022/2/27, , 20, 31, 8, 2, 1
2022/2/28, , 28, 25, 15, 2, 2
2022/3/1, , 37, 31, 9, 3, 2
2022/3/2, , 19, 25, 9, 1, 1
2022/3/3, , 10, 24, 10, 1, 1
2022/3/4, , 6, 30, 7, 1, 1
2022/3/5, , 5, 32, 5, 1, 1
2022/3/6, , 7, 28, 6, 1, 1
2022/3/7, , 8, 27, 5, 1, 1
2022/3/8, , 13, 25, 12, 2, 1
2022/3/9, , 13, 30, 8, 2, 1
2022/3/10, , 14, 28, 8, 2, 1
2022/3/11, , 12, 20, 12, 2, 1
2022/3/12, , 6, 31, 10, 2, 1
2022/3/13, , 6, 34, 8, 2, 1
2022/3/14, , 8, 33, 8, 2, 1
2022/3/15, , 25, 31, 6, 1, 1
2022/3/16, , 32, 17, 16, 2, 2
2022/3/17, , 20, 24, 12, 1, 1
2022/3/18, , 15, 22, 14, 2, 1
2022/3/19, , 23, 31, 12, 2, 1
2022/3/20, , 21, 35, 5, 2, 1
2022/3/21, , 13, 33, 4, 1, 1
2022/3/22, , 17, 36, 5, 1, 1
2022/3/23, , 18, 37, 9, 2, 1
2022/3/24, , 20, 25, 14, 2, 1
2022/3/25, , 20, 38, 16, 2, 1
2022/3/26, , 18, 38, 9, 2, 1
2022/3/27, , 17, 38, 9, 2, 1
2022/3/28, , 37, 37, 12, 2, 1
2022/3/29, , 35, 34, 14, 2, 1
2022/3/30, , 36, 34, 11, 2, 1
2022/3/31, , 13, 37, 9, 1, 1
2021/4/1, , 8, 41, 4, 2, 1
2021/4/2, , 7, 35, 1, 1, 1
2021/4/3, , 11, 37, , 1, 1
2021/4/4, , 5, 36, 12, 1, 1
2021/4/5, , 5, 38, 8, 1, 1
2021/4/6, , 9, 38, 8, 1, 1
2021/4/7, , 6, 36, 10, 2, 1
2021/4/8, , 18, 26, 8, 1, 1
2021/1/4, , 4, 15, 17, 1, 2
2021/1/5, , 3, 15, 15, 1, 2
2021/1/6, , 5, 4, 19, 2, 2
2021/1/7, , 6, 12, 19, 1, 2
2021/1/8, , 5, 17, 15, 1, 2
2021/1/9, , 4, 20, 10, 1, 2
2021/1/10, , 3, 22, 14, 1, 2
2021/1/11, , 3, 25, 15, 2, 1
2021/1/12, , 3, 25, 14, 2, 1
2021/1/13, , 3, 23, 12, 2, 1
2021/1/14, , 4, 28, 9, 1, 1
2021/1/15, , 3, 29, 10, 2, 1
2021/1/16, , 3, 24, 8, 2, 1
2021/1/17, , 4, 20, 15, 2, 1
2021/1/18, , 3, 10, 9, 1, 1
2021/1/19, , 6, 12, 8, 1, 2
2021/1/20, , 5, 23, 11, 1, 1
2021/1/21, , 4, 25, 15, 1, 1
2021/1/22, , 4, 25, 12, 1, 1
2021/1/23, , 4, 29, 8, 1, 1
2021/1/24, , 4, 22, 17, 1, 1
2021/1/25, , 3, 21, 19, 2, 2
2021/1/26, , 2, 1, 22, 2, 2
2021/1/27, , 1, , , , 
2021/1/31, , 4, 22, 16, 1, 1
2021/2/1, , 6, 18, 14, 1, 1
2021/2/2, , 5, 16, 15, 1, 1
2021/2/3, , 6, 21, 9, 1, 1
2021/2/4, , 7, 23, 9, 1, 1
2021/2/5, , 9, 25, 10, 1, 1
2021/2/6, , 9, 27, 8, 1, 1
2021/2/7, , 3, 24, 13, 1, 1
2021/2/8, , 5, 29, 14, 1, 1
2021/2/9, , 5, 26, 16, 1, 1
2021/2/10, , 5, 11, 24, 2, 3
2021/2/11, , 9, 29, 14, 1, 2
2021/2/12, , 6, 28, 9, 1, 1
2021/2/13, , 3, 28, 5, 1, 1
2021/2/14, , 5, 27, 5, 1, 1
2021/2/15, , 4, 25, 9, 1, 1
2021/2/16, , 7, 17, 11, 1, 1
2021/2/17, , 9, 18, 11, 1, 1
2021/2/18, , 8, 23, 10, 1, 1
2021/2/19, , 12, 36, 4, 1, 1
2021/2/20, , 1, 36, 3, 1, 1
2021/2/21, , 1, 25, 12, 1, 1
2021/2/22, , 4, 29, 10, 1, 1
2021/2/23, , 5, 25, 9, 1, 1
2021/2/24, , 10, 23, 14, 1, 1
2021/2/25, , 10, 22, 17, 1, 1
2021/2/26, , 11, 29, 10, 1, 1
2021/2/27, , 6, 29, 4, 1, 1
2021/2/28, , 6, 27, 8, 1, 1
2021/3/1, , 8, 20, 11, 1, 1
2021/3/2, , 12, 9, 21, 1, 2
2021/3/3, , 19, 26, 16, 1, 3
2021/3/4, , 16, 23, 13, 1, 3
2021/3/5, , 18, 28, 6, 1, 1
2021/3/6, , 11, 29, 6, 1, 1
2021/3/7, , 11, 25, 9, 1, 1
2021/3/8, , 5, 30, 10, 1, 1
2021/3/9, , 6, 32, 21, 1, 1
2021/3/10, , 9, 22, 16, 1, 1
2021/3/11, , 9, 26, 12, 1, 1
2021/3/12, , 5, 31, 13, 1, 1
2021/3/13, , 4, 33, 6, 1, 1
2021/3/14, , 4, 35, 8, 1, 1
2021/3/15, , 4, 34, 8, 1, 1
2021/3/16, , 5, 31, 6, 1, 1
2021/3/17, , 4, 32, 9, 1, 1
2021/3/18, , 5, 27, 2, 1, 1
2021/3/19, , 4, 30, , 1, 1
2021/3/20, , 3, 34, , 1, 1
2021/3/21, , 4, 28, 3, 1, 1
2021/3/22, , 5, 31, 12, 1, 1
2021/3/23, , 5, 35, 17, 2, 2
2021/3/24, , 9, 40, 7, 1, 2
2021/3/25, , 8, 35, 4, 1, 2
2021/3/26, , 9, 37, 2, 1, 1
2021/3/27, , 5, 37, , 2, 1
2021/3/28, , 5, 43, 6, 2, 1
2021/3/29, , 6, 40, 8, 2, 1
2021/3/30, , 7, 42, 8, 2, 1
2021/3/31, , 10, 40, 6, 2, 1
2020/10/1, , 12, 21, 10, 2, 1
2020/10/2, , 11, 27, 5, 2, 1
2020/10/3, , 2, 23, 7, 2, 1
2020/10/4, , 8, 21, 13, 2, 1
2020/10/5, , 5, 17, 14, 2, 1
2020/10/6, , 7, 17, 11, 2, 1
2020/10/7, , 5, 21, 13, 2, 1
2020/10/8, , 6, 17, 14, 2, 1
2020/10/9, , 7, 26, 5, 2, 1
2020/10/10, , 3, 31, 2, 2, 1
2020/10/11, , 4, 31, 4, 2, 1
2020/10/12, , 3, 28, 8, 2, 1
2020/10/13, , 4, 24, 7, 2, 1
2020/10/14, , 5, 29, 8, 2, 1
2020/10/15, , 3, 26, 14, 2, 1
2020/10/16, , 4, 24, 15, 2, 1
2020/10/17, , 5, 27, 14, 2, 1
2020/10/18, , 6, 37, 10, 2, 1
2020/10/19, , 8, 36, 4, 2, 1
2020/10/20, , 6, 31, 15, 2, 1
2020/10/21, , 9, 14, 12, 2, 1
2020/10/22, , 19, 26, 13, 2, 1
2020/10/23, , 4, 26, 10, 2, 1
2020/10/24, , 5, 26, 8, 2, 1
2020/10/25, , 8, 23, 10, 2, 1
2020/10/26, , 3, 21, 16, 2, 1
2020/10/27, , 4, 12, 19, 2, 1
2020/10/28, , 6, 17, 16, 2, 1
2020/10/29, , 6, 16, 20, 2, 2
2020/10/30, , 9, 18, 18, 2, 1
2020/10/31, , 8, 18, 16, 2, 1
2020/11/1, , 9, 23, 10, 2, 1
2020/11/2, , 7, 27, 9, 2, 1
2020/11/3, , 4, 26, 12, 2, 1
2020/11/4, , 4, 10, 12, 2, 1
2020/11/5, , 7, 22, 5, 2, 1
2020/11/6, , 4, 24, 5, 2, 1
2020/11/7, , 6, 20, 6, 2, 1
2020/11/8, , 5, 8, 15, 2, 1
2020/11/9, , 7, 15, 18, 2, 1
2020/11/10, , 6, 11, 8, 2, 1
2020/11/11, , 6, 9, 11, 2, 1
2020/11/12, , 6, 9, 11, 2, 1
2020/11/13, , 7, 12, 6, 2, 1
2020/11/14, , 9, 7, 9, 2, 1
2020/11/15, , 10, 23, 12, 2, 1
2020/11/16, , 5, 14, 19, 2, 1
2020/11/17, , 9, 11, 17, 2, 1
2020/11/18, , 12, 28, 13, 3, 1
2020/11/19, , 7, 30, 10, 2, 1
2020/11/20, , 3, 20, 14, 3, 1
2020/11/21, , 6, 12, 15, 3, 2
2020/11/22, , 7, 9, 24, 4, 2
2020/11/23, , 6, 17, 13, 2, 2
2020/11/24, , 15, 17, 13, 2, 1
2020/11/25, , 12, 9, 17, 2, 2
2020/11/26, , 9, 12, 24, 3, 3
2020/11/27, , 6, 19, 12, 2, 1
2020/11/28, , 5, 18, 13, 3, 1
2020/11/29, , 7, 6, 20, 3, 2
2020/11/30, , 7, 22, 13, 3, 1
2020/12/1, , 6, 26, 9, 2, 1
2020/12/2, , 5, 23, 17, 2, 1
2020/12/3, , 4, 21, 17, 3, 1
2020/12/4, , 5, 18, 16, 2, 1
2020/12/5, , 3, 22, 11, 3, 1
2020/12/6, , 3, 11, 13, 3, 1
2020/12/7, , 5, 24, 9, 3, 1
2020/12/8, , 3, 20, 17, 3, 1
2020/12/9, , 3, 10, 22, 3, 2
2020/12/10, , 6, 6, 20, 3, 2
2020/12/11, , 7, 19, 12, 3, 2
2020/12/12, , 3, 15, 12, 3, 1
2020/12/13, , 5, 10, 11, 3, 2
2020/12/14, , 5, 12, 18, 3, 2
2020/12/15, , 6, 8, 16, 3, 1
2020/12/16, , 5, 8, 17, 3, 2
2020/12/17, , 8, 7, 10, 3, 1
2020/12/18, , 4, 6, 6, 3, 1
2020/12/19, , 5, 12, 13, 3, 2
2020/12/20, , 4, 4, 17, 3, 2
2020/12/21, , 4, 3, 10, 3, 1
2020/12/22, , 1, 2, 8, 3, 1
2020/12/23, , 6, 18, 15, 3, 1
2020/12/24, , 4, 27, 6, 3, 1
2020/12/26, , 3, 21, 8, 3, 1
2020/12/27, , 3, 25, 11, 3, 1
2020/12/28, , 3, 21, 17, 3, 1
2020/12/29, , 3, 21, 15, 3, 1
2020/12/30, , 3, 19, 15, 2, 1
2020/12/31, , 4, 26, 8, 1, 1
2021/1/1, , 3, 26, 7, 1, 1
2021/1/2, , 3, 24, 10, 1, 1
2021/1/3, , 3, 15, 16, 1, 1
2020/7/3, , 4, 31, 4, 2, 1
2020/7/4, , 3, , , , 
2020/7/7, , 5, 40, 7, 2, 1
2020/7/8, , 9, 17, 6, 2, 1
2020/7/9, , 19, , , , 
2020/7/12, , 8, 41, 6, 2, 1
2020/7/13, , 6, 36, 5, 3, 1
2020/7/14, , 4, 27, 4, 2, 1
2020/7/15, , 4, , , , 
2020/7/18, , 4, 39, 6, 2, 1
2020/7/19, , 10, 36, 4, 2, 1
2020/7/20, , 12, 34, 6, 2, 1
2020/7/21, , 5, 36, 8, 2, 1
2020/7/24, , 7, 39, 4, 2, 1
2020/7/25, , 5, 43, 4, 2, 1
2020/7/26, , 5, 45, 5, 3, 1
2020/7/27, , 7, 41, 6, 2, 1
2020/7/28, , 7, 39, 5, 2, 1
2020/7/29, , 5, 41, 7, 3, 1
2020/7/30, , 8, 52, 10, 3, 1
2020/7/31, , 8, 34, 5, 2, 1
2020/8/1, , 6, 22, 3, 2, 1
2020/8/2, , 3, 28, 5, 2, 1
2020/8/3, , 4, 25, 6, 2, 1
2020/8/4, , 4, 39, 9, 2, 1
2020/8/5, , 4, 36, 10, 3, 1
2020/8/6, , 8, 40, 6, 2, 1
2020/8/7, , 6, 44, 5, 2, 1
2020/8/8, , 6, 41, 4, 2, 1
2020/8/9, , 6, 37, 6, 2, 1
2020/8/10, , 7, 35, 6, 2, 1
2020/8/11, , 6, 43, 7, 2, 1
2020/8/12, , 7, 45, 8, 2, 1
2020/8/13, , 5, 42, 4, 2, 1
2020/8/14, , 5, 43, 4, 2, 1
2020/8/15, , 8, 34, 4, 2, 1
2020/8/16, , 3, 31, 7, 2, 1
2020/8/17, , 4, 25, 7, 2, 1
2020/8/18, , 4, 37, 7, 3, 1
2020/8/19, , 6, 40, 6, 3, 1
2020/8/20, , 8, 39, 7, 2, 1
2020/8/21, , 7, 30, 6, 2, 1
2020/8/22, , 4, 32, 5, 2, 1
2020/8/23, , 5, 30, 7, 2, 1
2020/8/24, , 5, 40, 15, 2, 1
2020/8/25, , 7, 44, 8, 2, 1
2020/8/26, , 7, 37, 10, 2, 1
2020/8/27, , 7, 22, 6, 2, 1
2020/8/28, , 7, 26, 3, 2, 1
2020/8/29, , 4, 29, 3, 2, 1
2020/8/30, , 3, 33, 8, 2, 1
2020/8/31, , 4, 32, 10, 2, 1
2020/9/1, , 6, 36, 8, 2, 1
2020/9/2, , 4, 45, 13, 2, 1
2020/9/3, , 7, 40, 11, 2, 1
2020/9/4, , 12, 41, 7, 2, 1
2020/9/5, , 11, 30, 4, 2, 1
2020/9/6, , 4, 27, 6, 2, 1
2020/9/7, , 5, 36, 9, 2, 1
2020/9/8, , 5, 38, 13, 2, 1
2020/9/9, , 9, 42, 11, 2, 1
2020/9/10, , 1, 37, 14, 2, 1
2020/9/11, , 3, 38, 9, 2, 1
2020/9/14, , 7, 33, 10, 2, 1
2020/9/15, , 8, 38, 13, 3, 1
2020/9/16, , 9, 28, 8, 2, 1
2020/9/17, , 9, 22, 8, 2, 1
2020/9/18, , 10, 24, 8, 2, 1
2020/9/19, , 5, 27, 8, 2, 1
2020/9/20, , 5, 30, 9, 2, 1
2020/9/21, , 3, 33, 9, 2, 1
2020/9/22, , 4, 25, 10, 2, 1
2020/9/23, , 7, 31, 9, 2, 1
2020/9/24, , 5, 29, 4, 2, 1
2020/9/25, , 4, 26, 4, 2, 1
2020/9/26, , 4, 30, 2, 2, 1
2020/9/27, , 6, 32, 6, 2, 1
2020/9/28, , 4, 32, 12, 2, 1
2020/9/29, , 5, 35, 16, 2, 1
2020/9/30, , 9, 29, 16, 2, 2
2020/4/1, , 5, 30, 7, 1, 2
2020/4/2, , 2, 40, 6, 1, 1
2020/4/3, , 4, 36, 5, 1, 1
2020/4/4, , 4, 37, 4, 1, 2
2020/4/5, , 4, 37, 4, 1, 1
2020/4/6, , 8, 34, 4, 1, 1
2020/4/7, , 6, 41, 5, 1, 1
2020/4/8, , 6, 39, 3, 1, 1
2020/4/9, , 4, 35, 4, 1, 1
2020/4/10, , 10, 33, 3, , 1
2020/4/11, , 5, 43, 3, 1, 1
2020/4/12, , 5, 41, 7, 1, 1
2020/4/13, , 7, 37, 8, 1, 1
2020/4/14, , 5, 34, 6, 1, 1
2020/4/15, , 7, 37, 5, 1, 1
2020/4/16, , 5, 31, 5, 1, 1
2020/4/17, , 7, 34, 4, 1, 1
2020/4/18, , 9, 28, 4, 1, 1
2020/4/19, , 6, 32, 4, 1, 1
2020/4/20, , 4, 24, 7, 1, 1
2020/4/21, , 6, 34, 5, , 1
2020/4/22, , 3, 36, 4, 1, 1
2020/4/23, , 5, 35, 5, 1, 1
2020/4/24, , 6, 41, 4, 1, 1
2020/4/25, , 4, 32, 4, , 1
2020/4/26, , 11, 36, 5, 1, 1
2020/4/27, , 6, 34, 7, 1, 1
2020/4/28, , 5, 33, 6, 1, 1
2020/4/29, , 4, 34, 4, 1, 1
2020/4/30, , 4, 25, 3, 1, 1
2020/5/1, , 6, 23, 4, 1, 1
2020/5/2, , 6, 30, 3, 1, 1
2020/5/3, , 5, 34, 5, 1, 1
2020/5/4, , 7, 36, 7, 1, 1
2020/5/5, , 5, 39, 8, 1, 1
2020/5/6, , 5, 38, 6, 1, 1
2020/5/7, , 8, 38, 4, 1, 1
2020/5/8, , 6, 36, 4, 1, 1
2020/5/9, , 7, 25, 3, , 1
2020/5/10, , 8, 30, 7, , 1
2020/5/11, , 5, 30, 7, 1, 1
2020/5/12, , 5, 33, 7, , 1
2020/5/13, , 3, 23, 8, 1, 1
2020/5/14, , 6, 28, 6, 1, 1
2020/5/15, , 3, 35, 4, 1, 1
2020/5/16, , 4, 42, 3, , 1
2020/5/17, , 3, 41, 6, 1, 1
2020/5/18, , 3, 38, 6, 1, 1
2020/5/19, , 4, 39, 7, 1, 1
2020/5/20, , 4, 47, 8, 1, 1
2020/5/21, , 6, 49, 8, 1, 1
2020/5/22, , 7, 28, 4, 1, 1
2020/5/23, , 5, 35, 3, 1, 1
2020/5/24, , 4, 26, 7, , 1
2020/5/25, , 10, 41, 7, 1, 1
2020/5/26, , 5, 42, 6, 1, 1
2020/5/27, , 5, 45, 7, 1, 1
2020/5/28, , 4, 42, 10, 1, 1
2020/5/29, , 6, 46, 5, 1, 1
2020/5/30, , 6, 41, 4, 1, 1
2020/5/31, , 7, 41, 5, , 1
2020/6/1, , 4, 44, 8, 1, 1
2020/6/2, , 5, 38, 7, 1, 1
2020/6/3, , 9, 38, 6, , 1
2020/6/4, , 4, 34, 6, , 1
2020/6/5, , 3, 38, 5, 1, 1
2020/6/6, , 6, 30, 3, , 1
2020/6/7, , 3, 32, 4, , 1
2020/6/8, , 3, 35, 4, , 1
2020/6/9, , 4, 36, 6, , 1
2020/6/10, , 4, 32, 9, 1, 1
2020/6/11, , 9, 30, 6, 1, 1
2020/6/12, , 4, 37, 5, , 1
2020/6/13, , 4, 39, 5, 1, 1
2020/6/14, , 6, 33, 6, 1, 1
2020/6/15, , 4, 27, 7, 1, 1
2020/6/16, , 8, 34, 5, 1, 1
2020/6/17, , 2, 42, 6, 1, 1
2020/6/18, , 7, 37, 6, , 1
2020/6/19, , 6, 41, 5, 1, 1
2020/6/20, , 4, 38, 4, 1, 1
2020/6/21, , 4, 33, 6, , 1
2020/6/22, , 4, 43, 7, 1, 1
2020/6/23, , 7, 42, 4, 1, 1
2020/6/24, , 7, 35, 7, , 1
2020/6/25, , 12, , , , 
2020/1/1, , 4, 4, 13, 1, 1
2020/1/2, , 4, 4, 15, 1, 1
2020/1/3, , 5, 12, 14, 1, 1
2020/1/4, , 6, 15, 14, 1, 1
2020/1/5, , 5, 10, 10, 1, 1
2020/1/6, , 4, 4, 16, 1, 2
2020/1/7, , 5, 5, 11, 1, 1
2020/1/8, , 4, 4, 11, 1, 1
2020/1/9, , 4, 17, 20, 1, 2
2020/1/10, , 4, 20, 19, 1, 1
2020/1/11, , 4, 9, 13, 1, 1
2020/1/12, , 4, 6, 10, 1, 1
2020/1/13, , 3, 5, 9, 1, 1
2020/1/14, , 1, 4, 13, 1, 1
2020/1/15, , 4, 11, 14, 1, 2
2020/1/16, , 7, 15, 21, 1, 2
2020/1/17, , 6, 18, 12, 1, 1
2020/1/18, , 5, 22, 12, 1, 1
2020/1/19, , 2, 20, 17, 1, 1
2020/1/20, , 4, 14, 22, 1, 2
2020/1/21, , 5, 10, 21, 1, 2
2020/1/22, , 5, 18, 16, 1, 1
2020/1/23, , 5, 11, 14, 1, 1
2020/1/24, , 8, 13, 12, 1, 1
2020/1/25, , 10, 15, 18, 1, 1
2020/1/26, , 5, 14, 19, 1, 1
2020/1/27, , 5, 19, 18, 1, 1
2020/1/28, , 6, 17, 21, 1, 1
2020/1/29, , 5, 18, 18, 1, 1
2020/1/30, , 5, 15, 21, 1, 2
2020/1/31, , 6, 9, 18, 1, 2
2020/2/1, , 7, 12, 17, 1, 2
2020/2/2, , 7, 6, 24, 1, 2
2020/2/3, , 10, 26, 14, 1, 1
2020/2/4, , 4, 24, 19, 1, 1
2020/2/5, , 5, 18, 18, 1, 1
2020/2/6, , 7, 18, 20, 1, 1
2020/2/7, , 7, 13, 15, 1, 1
2020/2/8, , 6, 16, 12, 1, 1
2020/2/9, , 7, 12, 21, 1, 1
2020/2/10, , 6, 15, 20, 1, 1
2020/2/11, , 5, 16, 19, 1, 1
2020/2/12, , 7, 13, 17, 1, 1
2020/2/13, , 6, 23, 17, 1, 1
2020/2/14, , 4, , , , 
2020/2/17, , 5, 24, 14, 1, 1
2020/2/18, , 4, 25, 22, 1, 1
2020/2/19, , 5, 18, 23, 1, 2
2020/2/20, , 6, 22, 22, 1, 2
2020/2/21, , 7, 21, 21, 1, 1
2020/2/22, , 8, 21, 22, 1, 1
2020/2/23, , 7, 19, 32, 1, 2
2020/2/24, , 9, 23, 22, 1, 1
2020/2/25, , 8, 28, 13, 1, 1
2020/2/26, , 3, 21, 20, 1, 1
2020/2/27, , 6, 22, 16, 1, 1
2020/2/28, , 13, 25, 12, 1, 1
2020/2/29, , 8, 28, 8, 1, 1
2020/3/1, , 3, 28, 10, 1, 1
2020/3/2, , 4, 23, 11, 1, 
2020/3/3, , 4, 18, 13, 4, 1
2020/3/4, , 4, 32, 7, 4, 1
2020/3/5, , 4, 32, 9, 3, 1
2020/3/6, , 3, 31, 6, 4, 1
2020/3/7, , 3, 28, 11, 4, 1
2020/3/8, , 5, 31, 8, 2, 1
2020/3/9, , 4, 27, 15, 1, 1
2020/3/10, , 5, 32, 19, 1, 2
2020/3/11, , 7, 32, 13, 1, 1
2020/3/12, , 8, 30, 8, 1, 1
2020/3/13, , 3, 33, 8, 1, 1
2020/3/14, , 4, 28, 5, 1, 1
2020/3/15, , 10, 23, 11, 1, 1
2020/3/16, , 5, 14, 16, 1, 1
2020/3/17, , 6, 20, 11, 1, 1
2020/3/18, , 7, 35, 7, 1, 1
2020/3/19, , 6, 35, 7, 1, 1
2020/3/20, , 5, 40, 6, 1, 1
2020/3/21, , 5, 36, 3, 1, 1
2020/3/22, , 6, 28, 7, 1, 1
2020/3/23, , 8, 34, 6, 1, 1
2020/3/24, , 5, 29, 4, 1, 1
2020/3/25, , 5, 38, 6, 1, 1
2020/3/26, , 4, 38, 8, 1, 1
2020/3/27, , 4, 38, 7, 1, 1
2020/3/28, , 4, 29, 5, 1, 1
2020/3/29, , 3, , , , 
2019/10/1, , 14, 22, 7, 3, 1
2019/10/2, , 6, 22, 10, 3, 1
2019/10/3, , 4, 20, 14, 2, 2
2019/10/4, , 7, 24, 10, 2, 1
2019/10/5, , 4, 22, 6, 2, 1
2019/10/6, , 5, 23, 8, 2, 1
2019/10/7, , 4, 25, 15, 2, 1
2019/10/8, , 7, 20, 9, 1, 1
2019/10/9, , 8, 24, 14, 2, 1
2019/10/10, , 6, 20, 11, 2, 1
2019/10/11, , 10, , , , 
2019/10/15, , 3, 19, 16, 2, 
2019/10/16, , 5, 11, 18, 2, 
2019/10/17, , 7, 10, 16, 2, 
2019/10/18, , 8, 21, 12, 2, 
2019/10/19, , 5, 22, 8, 2, 
2019/10/20, , 6, 19, 16, 2, 
2019/10/21, , 3, 9, 15, 2, 2
2019/10/22, , 5, 12, 14, 2, 2
2019/10/23, , 5, 20, 15, 2, 2
2019/10/24, , 3, 12, 21, 3, 2
2019/10/25, , 7, 16, 11, 2, 1
2019/10/26, , 6, 20, 11, 2, 1
2019/10/27, , 6, 13, 14, 2, 1
2019/10/28, , 7, 7, 19, , 2
2019/10/29, , 16, 9, 22, , 2
2019/10/30, , 11, 18, 18, , 1
2019/10/31, , 7, 12, 14, , 1
2019/11/1, , 14, 18, 8, , 1
2019/11/2, , 7, 21, 9, , 1
2019/11/3, , 5, 21, 9, , 1
2019/11/4, , 8, 19, 13, , 1
2019/11/5, , 4, 18, 15, 1, 1
2019/11/6, , 4, 15, 16, 1, 1
2019/11/7, , 5, 14, 17, 1, 1
2019/11/8, , 5, 18, 13, 1, 1
2019/11/9, , 3, 20, 8, 1, 1
2019/11/10, , 3, 17, 15, 1, 2
2019/11/11, , 4, 20, 19, 1, 2
2019/11/12, , 4, 16, 19, 1, 2
2019/11/13, , 4, 16, 19, 1, 2
2019/11/14, , 3, 15, 20, 1, 2
2019/11/15, , 3, 15, 17, 1, 2
2019/11/16, , 3, 13, 18, 1, 2
2019/11/17, , 4, 17, 14, 1, 1
2019/11/18, , 3, 15, 21, 1, 2
2019/11/19, , 4, 11, 14, 1, 2
2019/11/20, , 5, 9, 16, 1, 2
2019/11/21, , 6, 7, 15, 1, 2
2019/11/22, , 6, 22, 16, 1, 2
2019/11/23, , 3, 17, 14, 1, 2
2019/11/24, , 3, 6, 24, 1, 3
2019/11/25, , 7, 8, 17, 1, 2
2019/11/26, , 5, 20, 17, 1, 1
2019/11/27, , 3, 19, 14, 1, 1
2019/11/28, , 3, 16, 21, 1, 2
2019/11/29, , 5, 12, 12, 1, 1
2019/11/30, , 9, 18, 14, 1, 1
2019/12/1, , 6, 13, 16, 1, 2
2019/12/2, , 6, 12, 17, 1, 2
2019/12/3, , 5, 5, 23, 1, 3
2019/12/4, , 6, 8, 25, 1, 3
2019/12/5, , 5, 13, 17, 1, 2
2019/12/6, , 7, 5, 17, 1, 2
2019/12/7, , 9, 2, 14, 1, 2
2019/12/8, , 8, 17, 12, 1, 1
2019/12/9, , 6, 19, 19, 1, 1
2019/12/10, , 4, 7, 26, 1, 2
2019/12/11, , 5, 15, 21, 1, 2
2019/12/12, , 4, 5, 22, 1, 2
2019/12/13, , 5, 11, 15, 1, 2
2019/12/14, , 2, 16, 17, 1, 2
2019/12/15, , 4, 15, 12, 1, 1
2019/12/16, , 5, 12, 20, 1, 2
2019/12/17, , 8, 9, 18, 1, 1
2019/12/18, , 5, 9, 12, 1, 1
2019/12/19, , 6, 19, 14, 1, 1
2019/12/20, , 7, 18, 12, 1, 1
2019/12/21, , 5, 28, 10, 1, 1
2019/12/22, , 4, 19, 22, 1, 2
2019/12/23, , 4, 7, 23, 1, 2
2019/12/24, , 6, 4, 14, 1, 2
2019/12/25, , 6, 16, 17, 1, 2
2019/12/26, , 5, 11, 24, 1, 2
2019/12/27, , 5, 6, 9, 1, 2
2019/12/28, , 5, 11, 12, 1, 2
2019/12/29, , 5, , , , 
2019/7/23, , 8, 14, 10, 3, 1
2019/7/24, , 13, , 7, 2, 1
2019/7/25, , 7, , 8, 3, 1
2019/7/26, , 8, , 5, 2, 1
2019/7/27, , 3, , 4, 2, 1
2019/7/28, , 3, 45, 8, 3, 1
2019/7/29, , 5, 34, 5, 2, 1
2019/7/30, , 4, 38, 5, 2, 1
2019/7/31, , 6, 44, 6, 2, 1
2019/8/1, , 12, 42, 8, 2, 1
2019/8/2, , 7, 51, 6, 3, 1
2019/8/3, , 9, 55, 5, 3, 1
2019/8/4, , 11, 48, 6, 2, 1
2019/8/5, , 8, 48, 8, 3, 1
2019/8/6, , 9, 32, 9, 2, 1
2019/8/7, , 7, 33, 10, 3, 1
2019/8/8, , 6, 28, 7, 3, 1
2019/8/9, , 8, 41, 5, 2, 1
2019/8/10, , 3, 37, 4, 2, 1
2019/8/11, , 5, 35, 1, 2, 1
2019/8/12, , 4, 34, 1, 3, 1
2019/8/13, , 4, 36, , 3, 1
2019/8/14, , 5, 31, , 2, 1
2019/8/15, , 6, 39, , 3, 1
2019/8/16, , 5, 43, , 2, 1
2019/8/17, , 15, 41, , 2, 1
2019/8/18, , 7, 29, , 2, 1
2019/8/19, , 5, 30, , 2, 1
2019/8/20, , 6, 35, , 3, 1
2019/8/21, , 5, 44, , 3, 1
2019/8/22, , 4, 53, , 3, 1
2019/8/23, , 6, 30, , 3, 1
2019/8/24, , 11, 37, , 3, 1
2019/8/25, , 8, 41, , 3, 1
2019/8/26, , 7, 42, 7, 3, 1
2019/8/27, , 5, 45, 12, 3, 1
2019/8/28, , 6, 47, 13, 3, 1
2019/8/29, , 9, 48, 10, 3, 1
2019/8/30, , 8, 48, 9, 3, 1
2019/8/31, , 8, 33, 5, 3, 1
2019/9/1, , 6, 32, 5, 3, 1
2019/9/2, , 4, 35, 5, 3, 1
2019/9/3, , 5, 42, 10, 3, 1
2019/9/4, , 6, 32, 5, 3, 1
2019/9/5, , 5, 32, 7, 3, 1
2019/9/6, , 4, 36, 6, 3, 1
2019/9/7, , 4, 29, 5, 3, 1
2019/9/8, , 3, 24, 8, 3, 1
2019/9/9, , 6, 18, 5, 3, 1
2019/9/10, , 5, 19, 8, 3, 1
2019/9/11, , 5, , 6, 3, 2
2019/9/12, , 6, , 18, 3, 3
2019/9/13, , 10, , 9, 3, 2
2019/9/14, , 7, , 9, 3, 2
2019/9/15, , 6, 30, 14, 3, 2
2019/9/16, , 7, 30, 21, 3, 2
2019/9/17, , 10, 27, 13, 3, 1
2019/9/18, , 6, 32, 12, 3, 2
2019/9/19, , 8, 31, 7, 3, 1
2019/9/20, , 10, 31, 6, 3, 1
2019/9/21, , 14, 20, 7, 3, 1
2019/9/22, , 7, 21, 15, 3, 1
2019/9/23, , 5, 19, 12, 3, 1
2019/9/24, , 6, 21, 10, 3, 1
2019/9/25, , 5, 26, 15, 3, 1
2019/9/26, , 7, 25, 19, 4, 1
2019/9/27, , 9, 29, 7, 4, 1
2019/9/28, , 8, 30, 11, 3, 1
2019/9/29, , 11, 24, 14, 4, 1
2019/9/30, , 7, 21, 15, 3, 1
2023/10/3, , , 24, 8, , 
2023/4/24, , , 25, 8, , 1
2023/6/25, , , 29, 4, , 1
2023/3/6, , , 26, 10, 3, 1
2022/10/2, , , 23, 22, 1, 1
2022/12/1, , , 8, 19, 2, 2
2022/12/10, , , 14, 10, 1, 1
2022/7/10, , , 53, 6, 2, 1
2022/8/5, , , 43, 5, 1, 1
2022/8/21, , , 22, 4, 1, 1
2022/4/16, , , 39, 6, 2, 1
2022/1/3, , , 1, 8, 1, 1
2022/1/4, , , 27, 8, 1, 1
2022/1/5, , , 26, 9, 1, 1
2022/1/6, , , 26, 8, 1, 1
2022/1/7, , , 25, 10, 1, 1
2022/1/8, , , 20, 14, 1, 1
2022/1/9, , , 18, 10, 1, 1
2022/1/10, , , 21, 7, 1, 1
2022/1/11, , , 26, 9, 1, 1
2022/1/12, , , 24, 12, 1, 1
2022/1/13, , , 13, 18, 1, 1
2022/1/14, , , 8, 17, 1, 2
2022/1/15, , , 13, 17, 1, 2
2022/1/16, , , 16, 15, 1, 1
2022/1/17, , , 13, 19, 2, 2
2022/1/18, , , 8, 19, 2, 2
2022/1/19, , , 20, 14, 1, 2
2022/1/20, , , 23, 11, 1, 1
2022/1/21, , , 24, 8, 1, 1
2022/1/22, , , 21, 14, 1, 1
2022/1/23, , , 22, 9, 2, 1
2022/1/24, , , 18, 14, 3, 2
2022/1/25, , , 16, 17, 2, 2
2022/1/26, , , 10, 22, 2, 3
2022/1/27, , , 11, 20, 2, 3
2022/1/28, , , 15, 18, 2, 2
2022/1/29, , , 15, 17, 2, 2
2022/1/30, , , 16, 16, 2, 2
2022/1/31, , , 34, 6, 1, 1
2022/2/1, , , 28, 7, 1, 1
2022/2/2, , , 23, 14, 1, 1
2022/2/3, , , 12, 18, 2, 2
2022/2/4, , , 22, 14, 1, 1
2022/2/5, , , 29, 7, 1, 1
2022/2/6, , , 27, 8, 1, 1
2022/2/7, , , 28, 8, 1, 1
2022/2/8, , , 26, 11, 2, 2
2021/10/1, , , 26, 2, 2, 1
2021/10/2, , , 33, 5, 1, 1
2021/10/3, , , 21, 10, 1, 1
2021/10/4, , , 25, 7, 1, 1
2021/10/5, , , 22, 1, 1, 1
2021/10/6, , , 31, 1, 1, 1
2021/10/7, , , 26, , , 
2021/10/26, , , 24, 16, 1, 1
2021/10/27, , , 24, 10, 1, 1
2021/10/28, , , 28, 10, 1, 1
2021/10/29, , , 15, 8, , 1
2021/10/30, , , 13, 6, 1, 1
2021/10/31, , , 13, 8, 1, 1
2021/11/1, , , 24, 11, 1, 1
2021/11/2, , , 23, 9, 1, 1
2021/11/3, , , 24, 10, 1, 1
2021/11/4, , , 23, 8, 1, 1
2021/11/5, , , 24, 7, 1, 1
2021/11/6, , , 25, 5, 1, 1
2021/11/7, , , 28, 6, 1, 1
2021/11/8, , , 28, 12, 1, 1
2021/11/9, , , 24, 13, 1, 1
2021/11/10, , , 19, 15, 1, 1
2021/11/11, , , 18, 12, 1, 2
2021/11/12, , , 17, 9, 1, 2
2021/11/13, , , 23, 5, 1, 1
2021/11/14, , , 28, 7, 1, 1
2021/11/15, , , 22, 9, 1, 1
2021/11/16, , , 21, 8, 1, 1
2021/11/17, , , 22, 18, 1, 2
2021/11/18, , , 16, 15, 2, 2
2021/11/19, , , 15, 12, 1, 1
2021/11/20, , , 10, 11, 1, 2
2021/11/21, , , 17, 14, 1, 2
2021/11/22, , , 16, 18, 1, 1
2021/11/23, , , 8, 13, 1, 1
2021/11/24, , , 16, 13, 1, 1
2021/11/25, , , 21, 10, 1, 1
2021/11/26, , , 20, 8, 1, 1
2021/11/27, , , 25, 8, 1, 1
2021/11/28, , , 24, 12, 1, 1
2021/11/29, , , 20, 14, 1, 1
2021/11/30, , , 22, 17, 1, 2
2021/12/1, , , 9, 10, 1, 1
2021/12/2, , , 22, 12, 1, 1
2021/12/3, , , 24, 16, 1, 1
2021/12/4, , , 21, 8, 1, 1
2021/12/5, , , 25, 9, 1, 1
2021/12/6, , , 23, 14, 1, 1
2021/12/7, , , 11, 8, 1, 1
2021/12/8, , , 27, 16, 1, 1
2021/12/9, , , 23, 9, 1, 1
2021/12/10, , , 29, 7, 1, 1
2021/12/11, , , 28, 11, 1, 1
2021/12/12, , , 21, 11, 1, 1
2021/12/13, , , 9, 11, 1, 1
2021/12/14, , , 8, 12, 1, 1
2021/12/15, , , 5, 14, 1, 1
2021/12/16, , , 3, 12, 1, 1
2021/12/17, , , 5, 11, 1, 1
2021/12/18, , , 7, 7, 1, 1
2021/12/19, , , 7, 11, 1, 1
2021/12/20, , , 5, 11, 1, 1
2021/12/21, , , 1, 7, 1, 1
2021/12/22, , , 2, 7, 1, 1
2021/12/23, , , 7, 6, 1, 1
2021/12/24, , , 4, 6, 1, 1
2021/12/25, , , 4, 9, 1, 1
2021/12/26, , , 4, 12, 1, 1
2021/12/27, , , 22, 10, 1, 1
2021/12/28, , , 25, 13, 1, 1
2021/12/29, , , 13, 16, 1, 2
2021/12/30, , , 6, 11, 1, 1
2021/12/31, , , 2, 9, 1, 1
2022/1/1, , , 2, 11, 1, 
2022/1/2, , , , , , 
2021/7/1, , , 54, 8, 1, 1
2021/7/2, , , 42, 8, 1, 1
2021/7/3, , , 37, 7, 1, 1
2021/7/4, , , 37, 10, 1, 1
2021/7/5, , , 38, 10, 1, 1
2021/7/6, , , 21, 8, 1, 1
2021/7/7, , , 32, 7, 1, 1
2021/7/8, , , 28, 8, 1, 1
2021/7/9, , , 43, 7, 1, 1
2021/7/10, , , 41, 4, 1, 1
2021/7/11, , , 33, 5, 1, 1
2021/7/12, , , 26, 5, 1, 1
2021/7/13, , , 24, 6, 1, 1
2021/7/14, , , 26, 7, 1, 1
2021/7/15, , , 32, 8, 1, 1
2021/7/16, , , 37, 6, 1, 1
2021/7/17, , , 40, 5, 1, 1
2021/7/18, , , 42, 11, 1, 1
2021/7/19, , , 53, 13, 1, 1
2021/7/20, , , 52, 8, 1, 1
2021/7/21, , , 52, 7, 1, 1
2021/7/22, , , 46, 11, 1, 1
2021/7/23, , , 44, 5, 1, 1
2021/7/24, , , 34, 5, 1, 1
2021/7/25, , , 32, 7, 1, 1
2021/7/26, , , 37, 7, 1, 1
2021/7/27, , , 43, 6, 1, 1
2021/7/28, , , 41, 7, 1, 1
2021/7/29, , , 38, 7, 1, 1
2021/7/30, , , 31, 4, 1, 1
2021/7/31, , , 23, 4, 1, 1
2021/8/1, , , 29, 7, 1, 1
2021/8/2, , , 38, 7, 1, 1
2021/8/3, , , 38, 7, 1, 1
2021/8/4, , , 32, 12, 1, 1
2021/8/5, , , 44, 6, 1, 1
2021/8/6, , , 36, 5, 1, 1
2021/8/7, , , 30, 3, 1, 1
2021/8/8, , , 32, 5, 1, 1
2021/8/9, , , 34, 7, 1, 1
2021/8/10, , , 35, 7, 1, 1
2021/8/11, , , 40, 11, 1, 1
2021/8/12, , , 39, 8, 1, 1
2021/8/13, , , 42, 8, 1, 1
2021/8/14, , , 40, 6, 1, 1
2021/8/15, , , 31, 4, 1, 1
2021/8/16, , , 33, 5, 1, 1
2021/8/17, , , 34, 6, 1, 1
2021/8/18, , , 35, 6, 1, 1
2021/8/19, , , 36, 8, 1, 2
2021/8/20, , , 38, 5, 1, 1
2021/8/21, , , 40, 5, 1, 1
2021/8/22, , , 34, 5, 1, 1
2021/8/23, , , 31, 9, 1, 
2021/8/24, , , 35, 8, 1, 1
2021/8/25, , , 41, 13, 1, 1
2021/8/26, , , 42, 10, 1, 1
2021/8/27, , , 41, 6, 1, 2
2021/8/28, , , 38, 6, 1, 3
2021/8/29, , , 39, 10, 1, 1
2021/8/30, , , 34, 10, 1, 1
2021/8/31, , , 35, 8, 1, 2
2021/9/1, , , 26, 11, 1, 1
2021/9/2, , , 40, 16, 1, 1
2021/9/3, , , 38, 11, 1, 1
2021/9/4, , , 43, , , 
2021/9/6, , , 36, 6, 1, 1
2021/9/7, , , 33, 13, 1, 1
2021/9/8, , , 38, 14, 1, 1
2021/9/9, , , 27, 11, 1, 1
2021/9/10, , , 29, 8, 1, 1
2021/9/11, , , 35, 7, 1, 1
2021/9/12, , , 35, 9, 1, 1
2021/9/13, , , 26, 16, 1, 1
2021/9/14, , , 15, 14, 2, 1
2021/9/15, , , 29, 10, 1, 1
2021/9/16, , , 28, 12, 1, 1
2021/9/17, , , 36, 8, 1, 1
2021/9/18, , , 23, 6, 1, 1
2021/9/19, , , 31, 7, , 1
2021/9/20, , , 26, 10, 1, 1
2021/9/21, , , 27, 15, 1, 1
2021/9/22, , , 29, 12, 1, 1
2021/9/23, , , 34, 13, 1, 1
2021/9/24, , , 20, 13, 1, 1
2021/9/25, , , 24, 13, 1, 1
2021/9/26, , , 37, 9, 1, 1
2021/9/27, , , 29, 11, 1, 1
2021/9/28, , , 29, 9, 1, 1
2021/9/29, , , 29, 12, 1, 1
2021/9/30, , , 26, 4, 1, 1
2021/4/9, , , 34, 6, 1, 2
2021/4/10, , , 30, 6, 1, 1
2021/4/11, , , 36, 10, 1, 1
2021/4/12, , , 39, 12, 2, 1
2021/4/13, , , 37, 6, 1, 1
2021/4/14, , , 33, 12, 2, 1
2021/4/15, , , 39, 10, 1, 1
2021/4/16, , , 37, 7, 1, 1
2021/4/17, , , 39, 7, 1, 1
2021/4/18, , , 37, 17, 2, 2
2021/4/19, , , 41, 14, 2, 1
2021/4/20, , , 41, 7, 1, 1
2021/4/21, , , 38, 7, 1, 2
2021/4/22, , , 45, 6, 1, 1
2021/4/23, , , 41, 6, 1, 1
2021/4/24, , , 40, 5, 1, 1
2021/4/25, , , 31, 12, 1, 1
2021/4/26, , , 30, 13, 1, 1
2021/4/27, , , 36, 12, 1, 1
2021/4/28, , , 30, 11, 1, 1
2021/4/29, , , 33, 10, 1, 1
2021/4/30, , , 41, 6, 1, 1
2021/5/1, , , 42, 7, 1, 1
2021/5/2, , , 37, 10, 1, 1
2021/5/3, , , 40, 13, 1, 1
2021/5/4, , , 31, 9, 1, 1
2021/5/5, , , 35, 12, 2, 1
2021/5/6, , , 33, 13, 1, 1
2021/5/7, , , 44, 5, 1, 1
2021/5/8, , , 34, 6, 1, 1
2021/5/9, , , 35, 9, 1, 1
2021/5/10, , , 35, 8, 1, 1
2021/5/11, , , 32, 9, 1, 1
2021/5/12, , , 28, 10, 1, 1
2021/5/13, , , 34, 8, 1, 1
2021/5/14, , , 22, 8, 1, 1
2021/5/15, , , 27, 4, 1, 1
2021/5/16, , , 35, 7, 1, 1
2021/5/17, , , 34, 8, 1, 1
2021/5/18, , , 35, 6, 1, 1
2021/5/19, , , 41, 10, 2, 1
2021/5/20, , , 38, 8, 2, 1
2021/5/21, , , 34, 5, 1, 1
2021/5/22, , , 29, 6, 1, 1
2021/5/23, , , 33, 11, 1, 1
2021/5/24, , , 35, 7, 1, 1
2021/5/25, , , 35, 12, 2, 1
2021/5/26, , , 42, 14, 2, 1
2021/5/27, , , 42, 9, 2, 1
2021/5/28, , , 40, 8, 1, 1
2021/5/29, , , 39, 6, 1, 1
2021/5/30, , , 38, 8, 1, 1
2021/5/31, , , 26, 11, 1, 1
2021/6/1, , , 44, 8, 1, 1
2021/6/2, , , 39, 6, 1, 1
2021/6/3, , , 24, 10, 1, 1
2021/6/4, , , 34, 6, 1, 1
2021/6/5, , , 37, 5, 1, 1
2021/6/6, , , 41, 10, 1, 1
2021/6/7, , , 61, 13, 1, 1
2021/6/8, , , 49, 10, 1, 1
2021/6/9, , , 42, 10, 1, 1
2021/6/10, , , 33, 10, 1, 2
2021/6/11, , , 49, 12, 1, 2
2021/6/12, , , 45, 11, 1, 1
2021/6/13, , , 50, 15, 1, 1
2021/6/14, , , 44, 12, 1, 1
2021/6/15, , , 42, 13, 1, 1
2021/6/16, , , 36, 11, 1, 1
2021/6/17, , , 43, 7, 1, 1
2021/6/18, , , 28, 7, 1, 1
2021/6/19, , , 33, 7, 1, 1
2021/6/20, , , 36, 9, 1, 1
2021/6/21, , , 30, 8, 1, 1
2021/6/22, , , 33, 7, 1, 1
2021/6/23, , , 35, 9, 1, 1
2021/6/24, , , 47, 10, 1, 1
2021/6/25, , , 37, 7, 1, 1
2021/6/26, , , 42, 6, 1, 1
2021/6/27, , , 36, 7, 1, 1
2021/6/28, , , 34, 7, 1, 1
2021/6/29, , , 44, 7, 1, 1
2021/6/30, , , 39, 9, 1, 1
2021/1/30, , , 28, 10, 1, 1
2020/12/25, , , 26, 8, 3, 1
2020/7/2, , , 31, 4, 2, 1
2020/7/6, , , 38, 6, 2, 1
2020/7/11, , , 28, 5, 2, 1
2020/7/17, , , 36, 5, 2, 1
2020/7/22, , , 44, 7, 2, 1
2020/7/23, , , 42, 6, 2, 1
2020/9/12, , , 40, 8, 2, 1
2020/9/13, , , 36, 9, 3, 1
2020/3/31, , , 22, 11, 1, 2
2019/12/31, , , 7, 12, 1, 1
2020/2/16, , , 21, 14, 1, 1
2019/10/14, , , 22, 13, 2, 
2021/10/25, , , , 13, 1, 1
2021/9/5, , , , 11, 1, 1
2019/7/22, , , , 11, 3, 1